productId,name,cleanName,imageUrl,categoryId,groupId,url,modifiedOn,imageCount,extCardText,lowPrice,midPrice,highPrice,marketPrice,directLowPrice,subTypeName,extUPC,extNumber,extRarity,extCardType,extHP,extStage,extAttack1,extWeakness,extRetreatCost,extAttack2,extResistance
552997,Shrouded Fable Booster Pack,None,https://tcgplayer-cdn.tcgplayer.com/product/552997_200w.jpg,3,23529,https://cpt.tcgcsv.com/Zcr6,2024-08-02T04:09:22.817,1,"Shadowy Secrets & Toxic Tricks!
<br>
Rumors swirl and memories deceive as the march of time beats on in the land of Kitakami! Prepare for nightfall and discover a malevolent presence as Pecharunt ex commands the Loyal Three—Okidogi ex, Munkidori ex, and Fezandipiti ex—to do its nefarious bidding. Meanwhile, Revavroom ex plugs into the grid to Terastallize into a Lightning type, and Kingdra ex makes a royal splash in the Pokémon TCG: Scarlet & Violet—Shrouded Fable expansion!
<br>Each Shrouded Fable booster pack contains 10 cards and 1 Basic Energy. Cards vary by pack.",8.25,9.95,19.98,9.4,,Normal,,,,,,,,,,,
552998,Shrouded Fable Pokemon Center Elite Trainer Box (Exclusive),None,https://tcgplayer-cdn.tcgplayer.com/product/552998_200w.jpg,3,23529,https://cpt.tcgcsv.com/-cr6,2024-08-23T04:08:15.207,2,"The Pokémon TCG: Scarlet & Violet—Shrouded Fable Pokémon Center Elite Trainer Box includes:
<br>
<br>• 11 Pokémon TCG: Scarlet & Violet—Shrouded Fable booster packs
<br>• Each Pokémon TCG: Scarlet & Violet—Shrouded Fable booster pack contains 10 cards and 1 Basic Energy.
<br>• 1 full-art foil promo card featuring Pecharunt with a Pokémon Center logo
<br>• 1 full-art foil promo card featuring Pecharunt
<br>• 65 card sleeves featuring Okidogi, Munkidori, and Fezandipiti
<br>• 45 Pokémon TCG Energy cards
<br>• A player’s guide to the Scarlet & Violet—Shrouded Fable expansion
<br>• 6 damage-counter dice
<br>• 1 competition-legal coin-flip die
<br>• 2 plastic condition markers
<br>• A box to hold everything, with 4 dividers to keep it organized
<br>• A code card for Pokémon Trading Card Game Live",147.99,220.0,525.89,148.73,,Normal,,,,,,,,,,,
552999,Shrouded Fable Elite Trainer Box,None,https://tcgplayer-cdn.tcgplayer.com/product/552999_200w.jpg,3,23529,https://cpt.tcgcsv.com/_cr6,2024-08-23T04:08:15.207,1,"The Pokémon TCG: Scarlet & Violet—Shrouded Fable Elite Trainer Box includes:
<br>
<br>• 9 Pokémon TCG: Scarlet & Violet—Shrouded Fable booster packs
<br>• 1 full-art foil promo card featuring Pecharunt
<br>• 65 card sleeves featuring Okidogi, Munkidori, and Fezandipiti
<br>• 45 Pokémon TCG Energy cards
<br>• A player’s guide to the Scarlet & Violet—Shrouded Fable expansion
<br>• 6 damage-counter dice
<br>• 1 competition-legal coin-flip die
<br>• 2 plastic condition markers
<br>• A collector’s box to hold everything, with 4 dividers to keep it organized
<br>• A code card for Pokémon Trading Card Game Live",85.0,100.0,200.0,89.34,,Normal,,,,,,,,,,,
553000,Kingambit Illustration Collection,None,https://tcgplayer-cdn.tcgplayer.com/product/553000_200w.jpg,3,23529,https://cpt.tcgcsv.com/0dr6,2024-08-02T04:09:22.817,1,"Kingambit Brings Down the Big Blade!
<br>Kingambit overcomes all challengers to become the leader of its own army! With this noble collection, you can add the Big Blade Pokémon to your team as an illustration rare-style promo card, joined by foil cards featuring Pawniard and Bisharp. You’ll also find four booster packs from the special Scarlet & Violet—Shrouded Fable expansion!
<br><br>

The Pokémon TCG: Scarlet & Violet—Shrouded Fable Kingambit Illustration Collection includes:
<br>• 1 full-art foil promo card featuring Kingambit
<br>• 2 foil cards featuring Pawniard and Bisharp
<br>• 4 Pokémon TCG: Scarlet & Violet—Shrouded Fable booster packs
<br>• A code card for Pokémon TCG Live",30.0,49.97,130.0,37.2,,Normal,,,,,,,,,,,
553001,Kingdra ex Special Illustration Collection,None,https://tcgplayer-cdn.tcgplayer.com/product/553001_200w.jpg,3,23529,https://cpt.tcgcsv.com/2dr6,2024-08-02T04:09:22.817,1,"Strike, Slash, and Take Command with Strong Pokémon ex!
<br>Adorn your collection with artistic flair in this special collection from the Pokémon TCG: Scarlet & Violet—Shrouded Fable expansion! Inside is a special
illustration rare–style promo card featuring one of two Pokémon ex, plus foil cards of their Evolution chain. And with the included Pokémon TCG booster
packs, you’re sure to find even more awesome Pokémon for your next battle!
<br><br>

The Pokémon TCG: Scarlet & Violet—Shrouded Fable Kingdra ex/Greninja ex Special Illustration Collection includes:
<br>• 1 full-art foil promo card featuring Kingdra ex or Greninja ex
<br>• 2 foil cards featuring either Horsea and Seadra, or Froakie and Frogadier
<br>• 5 Pokémon TCG: Scarlet & Violet—Shrouded Fable booster packs
<br>• A code card for Pokémon TCG Live",149.99,175.0,300.0,135.79,,Normal,,,,,,,,,,,
553002,Greninja ex Special Illustration Collection,None,https://tcgplayer-cdn.tcgplayer.com/product/553002_200w.jpg,3,23529,https://cpt.tcgcsv.com/3dr6,2024-08-02T04:09:22.817,1,"Strike, Slash, and Take Command with Strong Pokémon ex!
<br>Adorn your collection with artistic flair in this special collection from the Pokémon TCG: Scarlet & Violet—Shrouded Fable expansion! Inside is a special
illustration rare–style promo card featuring one of two Pokémon ex, plus foil cards of their Evolution chain. And with the included Pokémon TCG booster
packs, you’re sure to find even more awesome Pokémon for your next battle!
<br><br>

The Pokémon TCG: Scarlet & Violet—Shrouded Fable Kingdra ex/Greninja ex Special Illustration Collection includes:
<br>• 1 full-art foil promo card featuring Kingdra ex or Greninja ex
<br>• 2 foil cards featuring either Horsea and Seadra, or Froakie and Frogadier
<br>• 5 Pokémon TCG: Scarlet & Violet—Shrouded Fable booster packs
<br>• A code card for Pokémon TCG Live",184.86,200.0,350.0,151.47,,Normal,,,,,,,,,,,
553007,Shrouded Fable 3 Pack Blister [Pecharunt],None,https://tcgplayer-cdn.tcgplayer.com/product/553007_200w.jpg,3,23529,https://cpt.tcgcsv.com/9dr6,2024-08-02T04:09:22.817,1,"Give Your Collection a Boost!
<br>Get in on the latest Pokémon TCG action with three awesome booster packs from the new Scarlet & Violet—Shrouded Fable expansion, a special foil promo
card, and a code card for Pokémon TCG Live!
<br><br>

This set includes:
<br>• 1 foil promo card featuring Pecharunt
<br>• 3 Pokémon TCG: Scarlet & Violet—Shrouded Fable booster packs
<br>• A code card for Pokémon TCG Live",22.99,30.99,33.1,32.34,,Normal,,,,,,,,,,,
553008,Shrouded Fable Mini Tin Display,None,https://tcgplayer-cdn.tcgplayer.com/product/553008_200w.jpg,3,23529,https://cpt.tcgcsv.com/bdr6,2025-01-22T12:52:57.62,1,"Featuring 2 of each of the Shrouded Fable Mini Tins (for a total of 10). Each tin contains two booster packs, a sticker sheet, and featured Pokemon art card.",179.99,209.5,219.97,168.98,,Normal,,,,,,,,,,,
553009,Shrouded Fable Mini Tin [Set of 5],None,https://tcgplayer-cdn.tcgplayer.com/product/553009_200w.jpg,3,23529,https://cpt.tcgcsv.com/cdr6,2024-08-02T04:09:22.817,1,"Pokémon Favorites in the Palm of Your Hand!
<br>
<br>In this Pokémon TCG: Scarlet & Violet—Shrouded Fable Mini Tin, you’ll find:
<br>• 2 Pokémon TCG: Scarlet & Violet—Shrouded Fable booster packs
<br>• 1 sticker sheet
<br>• A Pokémon art card showing the art from this Mini Tin—you can collect and combine all 5!",125.0,125.0,125.0,85.69,,Normal,,,,,,,,,,,
553010,Shrouded Fable Mini Tin (Zoroark),None,https://tcgplayer-cdn.tcgplayer.com/product/553010_200w.jpg,3,23529,https://cpt.tcgcsv.com/ddr6,2024-08-02T04:09:22.817,1,"Pokémon Favorites in the Palm of Your Hand!
<br>
<br>In this Pokémon TCG: Scarlet & Violet—Shrouded Fable Mini Tin, you’ll find:
<br>• 2 Pokémon TCG: Scarlet & Violet—Shrouded Fable booster packs
<br>• 1 sticker sheet
<br>• A Pokémon art card showing the art from this Mini Tin—you can collect and combine all 5!",25.99,26.73,30.98,23.37,,Normal,,,,,,,,,,,
553011,Shrouded Fable Mini Tin (Munkidori),None,https://tcgplayer-cdn.tcgplayer.com/product/553011_200w.jpg,3,23529,https://cpt.tcgcsv.com/fdr6,2024-08-02T04:09:22.817,1,"Pokémon Favorites in the Palm of Your Hand!
<br>
<br>In this Pokémon TCG: Scarlet & Violet—Shrouded Fable Mini Tin, you’ll find:
<br>• 2 Pokémon TCG: Scarlet & Violet—Shrouded Fable booster packs
<br>• 1 sticker sheet
<br>• A Pokémon art card showing the art from this Mini Tin—you can collect and combine all 5!",14.98,20.61,22.9,16.93,,Normal,,,,,,,,,,,
553012,Shrouded Fable Mini Tin (Okidogi),None,https://tcgplayer-cdn.tcgplayer.com/product/553012_200w.jpg,3,23529,https://cpt.tcgcsv.com/gdr6,2024-08-02T04:09:22.817,1,"Pokémon Favorites in the Palm of Your Hand!
<br>
<br>In this Pokémon TCG: Scarlet & Violet—Shrouded Fable Mini Tin, you’ll find:
<br>• 2 Pokémon TCG: Scarlet & Violet—Shrouded Fable booster packs
<br>• 1 sticker sheet
<br>• A Pokémon art card showing the art from this Mini Tin—you can collect and combine all 5!",20.99,25.05,33.95,22.63,,Normal,,,,,,,,,,,
553018,Shrouded Fable Mini Tin (Fezandipiti),None,https://tcgplayer-cdn.tcgplayer.com/product/553018_200w.jpg,3,23529,https://cpt.tcgcsv.com/ndr6,2024-08-02T04:09:22.817,1,"Pokémon Favorites in the Palm of Your Hand!
<br>
<br>In this Pokémon TCG: Scarlet & Violet—Shrouded Fable Mini Tin, you’ll find:
<br>• 2 Pokémon TCG: Scarlet & Violet—Shrouded Fable booster packs
<br>• 1 sticker sheet
<br>• A Pokémon art card showing the art from this Mini Tin—you can collect and combine all 5!",21.99,27.23,31.95,19.85,,Normal,,,,,,,,,,,
553023,Shrouded Fable Mini Tin (Dusknoir),None,https://tcgplayer-cdn.tcgplayer.com/product/553023_200w.jpg,3,23529,https://cpt.tcgcsv.com/tdr6,2024-08-02T04:09:22.817,1,"Pokémon Favorites in the Palm of Your Hand!
<br>
<br>In this Pokémon TCG: Scarlet & Violet—Shrouded Fable Mini Tin, you’ll find:
<br>• 2 Pokémon TCG: Scarlet & Violet—Shrouded Fable booster packs
<br>• 1 sticker sheet
<br>• A Pokémon art card showing the art from this Mini Tin—you can collect and combine all 5!",22.9,23.27,100.0,17.57,,Normal,,,,,,,,,,,
553031,Shrouded Fable Booster Bundle,None,https://tcgplayer-cdn.tcgplayer.com/product/553031_200w.jpg,3,23529,https://cpt.tcgcsv.com/Fdr6,2026-02-19T18:57:31.24,1,"Shadowy Secrets & Toxic Tricks!
Rumors swirl and memories deceive as the march of time beats on in the land of Kitakami! Prepare for nightfall and discover a malevolent presence as Pecharunt ex commands the Loyal Three—Okidogi ex, Munkidori ex, and Fezandipiti ex—to do its nefarious bidding. Meanwhile, Revavroom ex plugs into the grid to Terastallize into a Lightning type, and Kingdra ex makes a royal splash in the Pokémon TCG: Scarlet & Violet—Shrouded Fable expansion!<br><br>Expand your collection with this Booster Bundle containing six booster packs from Shrouded Fable",48.0,59.98,460.0,49.61,,Normal,,,,,,,,,,,
553075,Shrouded Fable Special Illustration Collection Case,None,https://tcgplayer-cdn.tcgplayer.com/product/553075_200w.jpg,3,23529,https://cpt.tcgcsv.com/wfr6,2024-08-02T04:09:22.817,1,One case contains 3 Kingdra ex Special Illustration Collection and 3 Greninja ex Special Illustration Collection.,999.96,1049.97,1593.88,929.97,,Normal,0820650412431,,,,,,,,,,
553094,Kingambit Illustration Collection Case,None,https://tcgplayer-cdn.tcgplayer.com/product/553094_200w.jpg,3,23529,https://cpt.tcgcsv.com/Vfr6,2026-02-19T18:57:03.337,1,"Kingambit Brings Down the Big Blade!
<br>Kingambit overcomes all challengers to become the leader of its own army! With this noble collection, you can add the Big Blade Pokémon to your team as an illustration rare-style promo card, joined by foil cards featuring Pawniard and Bisharp. You’ll also find four booster packs from the special Scarlet & Violet—Shrouded Fable expansion!
<br><br>One case contains 6 Kingambit Illustration Collections.<br>
The Pokémon TCG: Scarlet & Violet—Shrouded Fable Kingambit Illustration Collection includes:
<br>• 1 full-art foil promo card featuring Kingambit
<br>• 2 foil cards featuring Pawniard and Bisharp
<br>• 4 Pokémon TCG: Scarlet & Violet—Shrouded Fable booster packs
<br>• A code card for Pokémon TCG Live",249.99,275.0,325.0,219.75,,Normal,0820650412462,,,,,,,,,,
553099,Shrouded Fable Elite Trainer Box Case,None,https://tcgplayer-cdn.tcgplayer.com/product/553099_200w.jpg,3,23529,https://cpt.tcgcsv.com/_fr6,2025-02-06T19:34:18.89,1,"Each Shrouded Fable Elite Trainer Box Case contains 10 boxes.
<br>
Shadowy Secrets & Toxic Tricks!
<br>Rumors swirl and memories deceive as the march of time beats on in the land of Kitakami! Prepare for nightfall and discover a malevolent presence as Pecharunt ex commands the Loyal Three—Okidogi ex, Munkidori ex, and Fezandipiti ex—to do its nefarious bidding. Meanwhile, Revavroom ex plugs into the grid to Terastallize into a Lightning type, and Kingdra ex makes a royal splash in the Pokémon TCG: Scarlet & Violet—Shrouded Fable expansion!
<br><br>
The Pokémon TCG: Scarlet & Violet—Shrouded Fable Elite Trainer Box includes:
<br>• 9 Pokémon TCG: Scarlet & Violet—Shrouded Fable booster packs
<br>• 1 full-art foil promo card featuring Pecharunt
<br>• 65 card sleeves featuring Okidogi, Munkidori, and Fezandipiti
<br>• 45 Pokémon TCG Energy cards
<br>• A player’s guide to the Scarlet & Violet—Shrouded Fable expansion
<br>• 6 damage-counter dice
<br>• 1 competition-legal coin-flip die
<br>• 2 plastic condition markers
<br>• A collector’s box to hold everything, with 4 dividers to keep it organized
<br>• A code card for Pokémon Trading Card Game Live",999.69,2000.0,4499.99,863.21,,Normal,0820650858536,,,,,,,,,,
553102,Shrouded Fable Pokemon Center Elite Trainer Box (Exclusive) Case,None,https://tcgplayer-cdn.tcgplayer.com/product/553102_200w.jpg,3,23529,https://cpt.tcgcsv.com/3gr6,2024-08-23T04:08:15.207,1,"Each case contains 4 Elite Trainer Boxes
The Pokémon TCG: Scarlet & Violet—Shrouded Fable Pokemon Center Elite Trainer Box includes:
<br>• 11 Pokémon TCG: Scarlet & Violet—Shrouded Fable booster packs
<br>• Each booster pack contains 10 cards and 1 Basic Energy. Cards vary by pack.
<br>• 1 full-art foil promo card featuring Pecharunt with a Pokémon Center logo
<br>• 1 full-art foil promo card featuring Pecharunt
<br>• 65 card sleeves featuring Okidogi, Munkidori, and Fezandipiti
<br>• 45 Pokémon TCG Energy cards
<br>• A player’s guide to the Scarlet & Violet— Shrouded Fable expansion
<br>• 6 damage-counter dice
<br>• 1 competition-legal coin-flip die
<br>• 2 plastic condition markers
<br>• A box to hold everything, with 4 dividers to keep it organized
<br>• A code card for Pokémon Trading Card Game Live",625.0,774.0,3000.0,599.94,,Normal,,,,,,,,,,,
560311,Joltik,Joltik,https://tcgplayer-cdn.tcgplayer.com/product/560311_200w.jpg,3,23529,https://cpt.tcgcsv.com/f8v6,2025-12-02T04:17:09.747,1,,0.01,0.14,1000.09,0.09,0.03,Normal,,001/064,Common,Grass,40,Basic,"[G] Splashing Dodge (10)<br> Flip a coin. If heads, during your opponent's next turn, prevent all damage from and effects of attacks done to this Pokemon.",Rx2,1,,
560311,Joltik,Joltik,https://tcgplayer-cdn.tcgplayer.com/product/560311_200w.jpg,3,23529,https://cpt.tcgcsv.com/f8v6,2025-12-02T04:17:09.747,1,,0.02,0.2,1000.15,0.14,0.09,Reverse Holofoil,,001/064,Common,Grass,40,Basic,"[G] Splashing Dodge (10)<br> Flip a coin. If heads, during your opponent's next turn, prevent all damage from and effects of attacks done to this Pokemon.",Rx2,1,,
560312,Galvantula,Galvantula,https://tcgplayer-cdn.tcgplayer.com/product/560312_200w.jpg,3,23529,https://cpt.tcgcsv.com/g8v6,2026-02-05T19:12:54.6,1,<strong>Ability: Compound Eyes</strong> Attacks used by this Pokemon do 50 more damage to your opponent's Active Pokemon that has an Ability ''(before applying Weakness and Resistance)''.,0.01,0.17,1000.17,0.17,,Normal,,002/064,Uncommon,Grass,100,Stage 1,"[GC] Shocking Web (50+)<br> If this Pokemon has any Lightning Energy attached, this attack does 80 more damage.",Rx2,1,,
560312,Galvantula,Galvantula,https://tcgplayer-cdn.tcgplayer.com/product/560312_200w.jpg,3,23529,https://cpt.tcgcsv.com/g8v6,2026-02-05T19:12:54.6,1,<strong>Ability: Compound Eyes</strong> Attacks used by this Pokemon do 50 more damage to your opponent's Active Pokemon that has an Ability ''(before applying Weakness and Resistance)''.,0.02,0.22,1000.22,0.23,0.1,Reverse Holofoil,,002/064,Uncommon,Grass,100,Stage 1,"[GC] Shocking Web (50+)<br> If this Pokemon has any Lightning Energy attached, this attack does 80 more damage.",Rx2,1,,
560313,Rowlet,Rowlet,https://tcgplayer-cdn.tcgplayer.com/product/560313_200w.jpg,3,23529,https://cpt.tcgcsv.com/h8v6,2025-12-12T23:50:34.993,1,,0.01,0.15,999.0,0.11,0.01,Normal,,003/064,Common,Grass,70,Basic,[C] Add On<br> Draw a card.,Rx2,1,[G] Leafage (10),
560313,Rowlet,Rowlet,https://tcgplayer-cdn.tcgplayer.com/product/560313_200w.jpg,3,23529,https://cpt.tcgcsv.com/h8v6,2025-12-12T23:50:34.993,1,,0.02,0.2,1000.18,0.19,0.07,Reverse Holofoil,,003/064,Common,Grass,70,Basic,[C] Add On<br> Draw a card.,Rx2,1,[G] Leafage (10),
560314,Dartrix,Dartrix,https://tcgplayer-cdn.tcgplayer.com/product/560314_200w.jpg,3,23529,https://cpt.tcgcsv.com/j8v6,2025-12-02T03:49:02.803,1,,0.02,0.2,1000.18,0.18,0.08,Reverse Holofoil,,004/064,Common,Grass,90,Stage 1,[C] United Wings (20x)<br> This attack does 20 damage for each Pokemon in your discard pile that has the United Wings attack.,Rx2,1,[G] Cutting Wind (30),
560314,Dartrix,Dartrix,https://tcgplayer-cdn.tcgplayer.com/product/560314_200w.jpg,3,23529,https://cpt.tcgcsv.com/j8v6,2025-12-02T03:49:02.803,1,,0.01,0.14,1000.11,0.1,0.01,Normal,,004/064,Common,Grass,90,Stage 1,[C] United Wings (20x)<br> This attack does 20 damage for each Pokemon in your discard pile that has the United Wings attack.,Rx2,1,[G] Cutting Wind (30),
560315,Decidueye,Decidueye,https://tcgplayer-cdn.tcgplayer.com/product/560315_200w.jpg,3,23529,https://cpt.tcgcsv.com/k8v6,2025-12-13T00:00:10.36,1,,0.01,0.14,1000.09,0.12,0.02,Normal,,005/064,Uncommon,Grass,150,Stage 2,[C] Stock Up on Feathers<br> Draw cards until you have 7 cards in your hand.,Rx2,2,"[G] Power Shot (170)<br> Discard a Basic Grass Energy card from your hand. If you can't, this attack does nothing.",
560315,Decidueye,Decidueye,https://tcgplayer-cdn.tcgplayer.com/product/560315_200w.jpg,3,23529,https://cpt.tcgcsv.com/k8v6,2025-12-13T00:00:10.36,1,,0.03,0.2,1000.19,0.2,,Reverse Holofoil,,005/064,Uncommon,Grass,150,Stage 2,[C] Stock Up on Feathers<br> Draw cards until you have 7 cards in your hand.,Rx2,2,"[G] Power Shot (170)<br> Discard a Basic Grass Energy card from your hand. If you can't, this attack does nothing.",
560316,Tapu Bulu - 006/064,Tapu Bulu,https://tcgplayer-cdn.tcgplayer.com/product/560316_200w.jpg,3,23529,https://cpt.tcgcsv.com/l8v6,2025-11-30T00:01:38.41,1,,0.02,0.2,999.0,0.15,0.05,Reverse Holofoil,,006/064,Rare,Grass,140,Basic,[GGCC] Wood Hammer (220)<br> This Pokemon also does 30 damage to itself.,Rx2,3,,
560316,Tapu Bulu - 006/064,Tapu Bulu,https://tcgplayer-cdn.tcgplayer.com/product/560316_200w.jpg,3,23529,https://cpt.tcgcsv.com/l8v6,2025-11-30T00:01:38.41,1,,0.01,0.15,1000.1,0.09,0.01,Holofoil,,006/064,Rare,Grass,140,Basic,[GGCC] Wood Hammer (220)<br> This Pokemon also does 30 damage to itself.,Rx2,3,,
560317,Houndour,Houndour,https://tcgplayer-cdn.tcgplayer.com/product/560317_200w.jpg,3,23529,https://cpt.tcgcsv.com/m8v6,2025-12-13T00:35:12.847,1,,0.01,0.12,1000.12,0.12,0.01,Normal,,007/064,Common,Fire,70,Basic,[CC] Gnaw (20),Wx2,1,[RCC] Rear Kick (50),
560317,Houndour,Houndour,https://tcgplayer-cdn.tcgplayer.com/product/560317_200w.jpg,3,23529,https://cpt.tcgcsv.com/m8v6,2025-12-13T00:35:12.847,1,,0.01,0.18,1000.13,0.14,0.05,Reverse Holofoil,,007/064,Common,Fire,70,Basic,[CC] Gnaw (20),Wx2,1,[RCC] Rear Kick (50),
560318,Houndoom - 008/064,Houndoom,https://tcgplayer-cdn.tcgplayer.com/product/560318_200w.jpg,3,23529,https://cpt.tcgcsv.com/n8v6,2025-12-02T04:03:32.093,1,,0.05,0.23,1000.24,0.22,,Reverse Holofoil,,008/064,Common,Fire,120,Stage 1,[CC] Bite (50),Wx2,2,"[RCC] Snarl (100)<br> During your opponent's next turn, attacks used by the Defending Pokemon do 100 less damage <em>(before applying Weakness and Resistance)</em>.",
560318,Houndoom - 008/064,Houndoom,https://tcgplayer-cdn.tcgplayer.com/product/560318_200w.jpg,3,23529,https://cpt.tcgcsv.com/n8v6,2025-12-02T04:03:32.093,1,,0.01,0.14,1000.1,0.1,,Normal,,008/064,Common,Fire,120,Stage 1,[CC] Bite (50),Wx2,2,"[RCC] Snarl (100)<br> During your opponent's next turn, attacks used by the Defending Pokemon do 100 less damage <em>(before applying Weakness and Resistance)</em>.",
560319,Iron Moth,Iron Moth,https://tcgplayer-cdn.tcgplayer.com/product/560319_200w.jpg,3,23529,https://cpt.tcgcsv.com/p8v6,2026-02-16T12:31:22.113,1,,0.01,0.15,1000.13,0.13,0.01,Normal,,009/064,Uncommon,Fire,120,Basic,[CC] Suction (30)<br> Heal from this Pokemon the same amount of damage you did to your opponent's Active Pokemon.,Wx2,2,"[RRC] Anachronism Repulsor (120)<br> During your opponent's next turn, prevent all damage done to this Pokemon by attacks from Ancient Pokemon.",
560319,Iron Moth,Iron Moth,https://tcgplayer-cdn.tcgplayer.com/product/560319_200w.jpg,3,23529,https://cpt.tcgcsv.com/p8v6,2026-02-16T12:31:22.113,1,,0.09,0.25,1000.23,0.25,0.11,Reverse Holofoil,,009/064,Uncommon,Fire,120,Basic,[CC] Suction (30)<br> Heal from this Pokemon the same amount of damage you did to your opponent's Active Pokemon.,Wx2,2,"[RRC] Anachronism Repulsor (120)<br> During your opponent's next turn, prevent all damage done to this Pokemon by attacks from Ancient Pokemon.",
560320,Horsea - 010/064,Horsea,https://tcgplayer-cdn.tcgplayer.com/product/560320_200w.jpg,3,23529,https://cpt.tcgcsv.com/q8v6,2025-12-13T00:34:43.407,1,,0.01,0.21,1000.18,0.21,,Reverse Holofoil,,010/064,Common,Water,60,Basic,[W] Hold Still<br> Heal 30 damage from this Pokemon.,Lx2,1,[CC] Razor Fin (20),
560320,Horsea - 010/064,Horsea,https://tcgplayer-cdn.tcgplayer.com/product/560320_200w.jpg,3,23529,https://cpt.tcgcsv.com/q8v6,2025-12-13T00:34:43.407,1,,0.01,0.11,1000.07,0.06,,Normal,,010/064,Common,Water,60,Basic,[W] Hold Still<br> Heal 30 damage from this Pokemon.,Lx2,1,[CC] Razor Fin (20),
560321,Seadra,Seadra,https://tcgplayer-cdn.tcgplayer.com/product/560321_200w.jpg,3,23529,https://cpt.tcgcsv.com/r8v6,2026-01-13T18:28:11.133,1,,0.01,0.12,1000.07,0.07,0.03,Normal,,011/064,Common,Water,90,Stage 1,"[W] Call for Backup<br> Search your deck for up to 3 Pokemon, reveal them, and put them into your hand. Then, shuffle your deck.",Lx2,1,[CC] Sharp Fin (40),
560321,Seadra,Seadra,https://tcgplayer-cdn.tcgplayer.com/product/560321_200w.jpg,3,23529,https://cpt.tcgcsv.com/r8v6,2026-01-13T18:28:11.133,1,,0.04,0.2,999.0,0.2,0.09,Reverse Holofoil,,011/064,Common,Water,90,Stage 1,"[W] Call for Backup<br> Search your deck for up to 3 Pokemon, reveal them, and put them into your hand. Then, shuffle your deck.",Lx2,1,[CC] Sharp Fin (40),
560322,Kingdra ex - 012/064,Kingdra,https://tcgplayer-cdn.tcgplayer.com/product/560322_200w.jpg,3,23529,https://cpt.tcgcsv.com/s8v6,2026-03-12T11:47:59.04,1,,0.39,0.98,4321.0,0.66,0.73,Holofoil,,012/064,Double Rare,Water,310,Stage 2,[W] King's Order<br> Put up to 3 Water Pokemon from your discard pile onto your Bench.,Lx2,1,[CC] Hydro Pump (50+)<br> This attack does 50 more damage for each Water Energy attached to this Pokemon.,
560323,Sneasel,Sneasel,https://tcgplayer-cdn.tcgplayer.com/product/560323_200w.jpg,3,23529,https://cpt.tcgcsv.com/t8v6,2025-12-12T23:52:05.067,1,,0.01,0.17,1000.11,0.15,,Reverse Holofoil,,013/064,Common,Water,70,Basic,[W] Cut (10),Mx2,1,"[WW] Beset (30)<br> During your opponent's next turn, the Defending Pokemon can't retreat.",
560323,Sneasel,Sneasel,https://tcgplayer-cdn.tcgplayer.com/product/560323_200w.jpg,3,23529,https://cpt.tcgcsv.com/t8v6,2025-12-12T23:52:05.067,1,,0.01,0.1,1000.05,0.05,0.01,Normal,,013/064,Common,Water,70,Basic,[W] Cut (10),Mx2,1,"[WW] Beset (30)<br> During your opponent's next turn, the Defending Pokemon can't retreat.",
560324,Weavile,Weavile,https://tcgplayer-cdn.tcgplayer.com/product/560324_200w.jpg,3,23529,https://cpt.tcgcsv.com/v8v6,2025-12-12T23:54:15.37,1,,0.01,0.1,1000.05,0.05,0.01,Normal,,014/064,Uncommon,Water,100,Stage 1,[W] Slash (40),Mx2,1,[WW] Hail Claw (70)<br> Discard all Energy from this Pokemon. Your opponent's Active Pokemon is now Paralyzed.,
560324,Weavile,Weavile,https://tcgplayer-cdn.tcgplayer.com/product/560324_200w.jpg,3,23529,https://cpt.tcgcsv.com/v8v6,2025-12-12T23:54:15.37,1,,0.01,0.19,1000.11,0.1,0.1,Reverse Holofoil,,014/064,Uncommon,Water,100,Stage 1,[W] Slash (40),Mx2,1,[WW] Hail Claw (70)<br> Discard all Energy from this Pokemon. Your opponent's Active Pokemon is now Paralyzed.,
560325,Revavroom ex - 015/064,Revavroom,https://tcgplayer-cdn.tcgplayer.com/product/560325_200w.jpg,3,23529,https://cpt.tcgcsv.com/w8v6,2026-02-16T12:05:22.803,1,,0.33,0.99,4321.0,0.54,0.59,Holofoil,,015/064,Double Rare,Lightning,280,Stage 1,"[M] Accelerator Flash (20+)<br> If this Pokemon moved from your Bench to the Active Spot this turn, this attack does 120 more damage.",Fx2,1,[MMM] Shattering Speed (250)<br> Discard this Pokemon and all attached cards.,
560326,Drowzee,Drowzee,https://tcgplayer-cdn.tcgplayer.com/product/560326_200w.jpg,3,23529,https://cpt.tcgcsv.com/x8v6,2025-12-02T03:48:02.613,1,,0.01,0.1,1000.1,0.09,0.02,Normal,,016/064,Common,Psychic,70,Basic,[P] Eerie Gaze (10)<br> Your opponent reveals their hand.,Dx2,2,,F-30
560326,Drowzee,Drowzee,https://tcgplayer-cdn.tcgplayer.com/product/560326_200w.jpg,3,23529,https://cpt.tcgcsv.com/x8v6,2025-12-02T03:48:02.613,1,,0.01,0.22,1000.21,0.22,0.09,Reverse Holofoil,,016/064,Common,Psychic,70,Basic,[P] Eerie Gaze (10)<br> Your opponent reveals their hand.,Dx2,2,,F-30
560327,Hypno,Hypno,https://tcgplayer-cdn.tcgplayer.com/product/560327_200w.jpg,3,23529,https://cpt.tcgcsv.com/z8v6,2025-12-02T04:05:00.443,1,,0.01,0.1,1000.07,0.07,0.01,Normal,,017/064,Uncommon,Psychic,110,Stage 1,"[PC] Daydream (80)<br> During your opponent's next turn, if they attach an Energy card from their hand to the Defending Pokemon, their turn ends.",Dx2,2,,F-30
560327,Hypno,Hypno,https://tcgplayer-cdn.tcgplayer.com/product/560327_200w.jpg,3,23529,https://cpt.tcgcsv.com/z8v6,2025-12-02T04:05:00.443,1,,0.01,0.2,1000.17,0.18,0.12,Reverse Holofoil,,017/064,Uncommon,Psychic,110,Stage 1,"[PC] Daydream (80)<br> During your opponent's next turn, if they attach an Energy card from their hand to the Defending Pokemon, their turn ends.",Dx2,2,,F-30
560328,Duskull - 018/064,Duskull,https://tcgplayer-cdn.tcgplayer.com/product/560328_200w.jpg,3,23529,https://cpt.tcgcsv.com/B8v6,2026-02-05T19:15:06.427,1,,0.01,0.21,1000.19,0.23,0.1,Normal,,018/064,Common,Psychic,60,Basic,[P] Come and Get You<br> Put up to 3 Duskull from your discard pile onto your Bench.,Dx2,1,[PP] Mumble (30),F-30
560328,Duskull - 018/064,Duskull,https://tcgplayer-cdn.tcgplayer.com/product/560328_200w.jpg,3,23529,https://cpt.tcgcsv.com/B8v6,2026-02-05T19:15:06.427,1,,0.02,0.25,1000.25,0.25,0.1,Reverse Holofoil,,018/064,Common,Psychic,60,Basic,[P] Come and Get You<br> Put up to 3 Duskull from your discard pile onto your Bench.,Dx2,1,[PP] Mumble (30),F-30
560329,Dusclops - 019/064,Dusclops,https://tcgplayer-cdn.tcgplayer.com/product/560329_200w.jpg,3,23529,https://cpt.tcgcsv.com/C8v6,2026-02-05T19:21:31.22,1,"<strong>Ability: Cursed Blast</strong> Once during your turn, you may put 5 damage counters on 1 of your opponent's Pokemon. If you use this Ability, this Pokemon is Knocked Out.",0.02,0.22,1000.22,0.23,0.1,Normal,,019/064,Common,Psychic,90,Stage 1,[PP] Will-O-Wisp (50),Dx2,2,,F-30
560329,Dusclops - 019/064,Dusclops,https://tcgplayer-cdn.tcgplayer.com/product/560329_200w.jpg,3,23529,https://cpt.tcgcsv.com/C8v6,2026-02-05T19:21:31.22,1,"<strong>Ability: Cursed Blast</strong> Once during your turn, you may put 5 damage counters on 1 of your opponent's Pokemon. If you use this Ability, this Pokemon is Knocked Out.",0.05,0.25,1000.23,0.22,0.09,Reverse Holofoil,,019/064,Common,Psychic,90,Stage 1,[PP] Will-O-Wisp (50),Dx2,2,,F-30
560330,Dusknoir - 020/064,Dusknoir,https://tcgplayer-cdn.tcgplayer.com/product/560330_200w.jpg,3,23529,https://cpt.tcgcsv.com/D8v6,2026-01-13T12:57:56.257,1,"<strong>Ability: Cursed Blast</strong> Once during your turn, you may put 13 damage counters on 1 of your opponent's Pokemon. If you use this Ability, this Pokemon is Knocked Out.",0.05,0.28,1000.25,0.26,0.23,Reverse Holofoil,,020/064,Rare,Psychic,160,Stage 2,"[PPC] Shadow Bind (150)<br> During your opponent's next turn, the Defending Pokemon can't retreat.",Dx2,3,,F-30
560330,Dusknoir - 020/064,Dusknoir,https://tcgplayer-cdn.tcgplayer.com/product/560330_200w.jpg,3,23529,https://cpt.tcgcsv.com/D8v6,2026-01-13T12:57:56.257,1,"<strong>Ability: Cursed Blast</strong> Once during your turn, you may put 13 damage counters on 1 of your opponent's Pokemon. If you use this Ability, this Pokemon is Knocked Out.",0.01,0.23,1000.2,0.19,0.06,Holofoil,,020/064,Rare,Psychic,160,Stage 2,"[PPC] Shadow Bind (150)<br> During your opponent's next turn, the Defending Pokemon can't retreat.",Dx2,3,,F-30
560331,Cresselia - 021/064,Cresselia,https://tcgplayer-cdn.tcgplayer.com/product/560331_200w.jpg,3,23529,https://cpt.tcgcsv.com/F8v6,2025-11-30T00:06:50.357,1,,0.01,0.16,1000.13,0.14,0.01,Holofoil,,021/064,Rare,Psychic,120,Basic,[P] Healing Pirouette<br> Heal 20 damage from each of your Pokemon.,Dx2,1,"[PPP] Crescent Purge (80+)<br> You may turn 1 of your face-down Prize cards face up. If you do, this attack does 80 more damage. <em>(That Prize card remains face up for the rest of the game.)</em>",F-30
560331,Cresselia - 021/064,Cresselia,https://tcgplayer-cdn.tcgplayer.com/product/560331_200w.jpg,3,23529,https://cpt.tcgcsv.com/F8v6,2025-11-30T00:06:50.357,1,,0.03,0.2,1000.18,0.19,0.06,Reverse Holofoil,,021/064,Rare,Psychic,120,Basic,[P] Healing Pirouette<br> Heal 20 damage from each of your Pokemon.,Dx2,1,"[PPP] Crescent Purge (80+)<br> You may turn 1 of your face-down Prize cards face up. If you do, this attack does 80 more damage. <em>(That Prize card remains face up for the rest of the game.)</em>",F-30
560332,Sylveon,Sylveon,https://tcgplayer-cdn.tcgplayer.com/product/560332_200w.jpg,3,23529,https://cpt.tcgcsv.com/G8v6,2026-04-17T18:15:19.81,1,,0.15,0.39,1000.38,0.4,0.44,Reverse Holofoil,,022/064,Uncommon,Psychic,120,Stage 1,"[P] Mystical Return<br> Flip a coin. If heads, choose 1 of your opponent's Benched Pokemon. Shuffle that Pokemon and all attached cards into their deck.",Mx2,1,[PCC] Disarming Voice (90)<br> Your opponent's Active Pokemon is now Confused.,
560332,Sylveon,Sylveon,https://tcgplayer-cdn.tcgplayer.com/product/560332_200w.jpg,3,23529,https://cpt.tcgcsv.com/G8v6,2026-04-17T18:15:19.81,1,,0.02,0.25,1000.24,0.27,0.08,Normal,,022/064,Uncommon,Psychic,120,Stage 1,"[P] Mystical Return<br> Flip a coin. If heads, choose 1 of your opponent's Benched Pokemon. Shuffle that Pokemon and all attached cards into their deck.",Mx2,1,[PCC] Disarming Voice (90)<br> Your opponent's Active Pokemon is now Confused.,
560333,Croagunk,Croagunk,https://tcgplayer-cdn.tcgplayer.com/product/560333_200w.jpg,3,23529,https://cpt.tcgcsv.com/H8v6,2025-12-12T23:58:41.77,1,,0.01,0.1,1000.04,0.03,0.01,Normal,,023/064,Common,Fighting,70,Basic,[F] Light Punch (10),Px2,1,"[FC] Frog Hop (20+)<br> Flip a coin. If heads, this attack does 20 more damage.",
560333,Croagunk,Croagunk,https://tcgplayer-cdn.tcgplayer.com/product/560333_200w.jpg,3,23529,https://cpt.tcgcsv.com/H8v6,2025-12-12T23:58:41.77,1,,0.01,0.19,1000.14,0.14,0.05,Reverse Holofoil,,023/064,Common,Fighting,70,Basic,[F] Light Punch (10),Px2,1,"[FC] Frog Hop (20+)<br> Flip a coin. If heads, this attack does 20 more damage.",
560334,Toxicroak,Toxicroak,https://tcgplayer-cdn.tcgplayer.com/product/560334_200w.jpg,3,23529,https://cpt.tcgcsv.com/J8v6,2026-01-27T22:53:39.813,1,,0.03,0.2,1000.14,0.14,0.1,Reverse Holofoil,,024/064,Common,Fighting,130,Stage 1,[CC] Corkscrew Punch (50),Px2,1,"[FCC] Clean Hit (90+)<br> If your opponent's Active Pokemon is an Evolution Pokemon, this attack does 90 more damage.",
560334,Toxicroak,Toxicroak,https://tcgplayer-cdn.tcgplayer.com/product/560334_200w.jpg,3,23529,https://cpt.tcgcsv.com/J8v6,2026-01-27T22:53:39.813,1,,0.01,0.1,1000.08,0.07,0.01,Normal,,024/064,Common,Fighting,130,Stage 1,[CC] Corkscrew Punch (50),Px2,1,"[FCC] Clean Hit (90+)<br> If your opponent's Active Pokemon is an Evolution Pokemon, this attack does 90 more damage.",
560335,Bloodmoon Ursaluna,Bloodmoon Ursaluna,https://tcgplayer-cdn.tcgplayer.com/product/560335_200w.jpg,3,23529,https://cpt.tcgcsv.com/K8v6,2025-11-30T00:03:53.393,1,"<strong>Ability: Battle-Hardened</strong> When you play this Pokemon from your hand onto your Bench during your turn, you may attach up to 2 Basic Fighting Energy cards from your hand to this Pokemon.",0.02,0.2,1000.17,0.19,,Reverse Holofoil,,025/064,Rare,Fighting,150,Basic,[FFC] Mad Bite (100+)<br> This attack does 30 more damage for each damage counter on your opponent's Active Pokemon.,Gx2,4,,
560335,Bloodmoon Ursaluna,Bloodmoon Ursaluna,https://tcgplayer-cdn.tcgplayer.com/product/560335_200w.jpg,3,23529,https://cpt.tcgcsv.com/K8v6,2025-11-30T00:03:53.393,1,"<strong>Ability: Battle-Hardened</strong> When you play this Pokemon from your hand onto your Bench during your turn, you may attach up to 2 Basic Fighting Energy cards from your hand to this Pokemon.",0.01,0.2,1000.14,0.16,0.05,Holofoil,,025/064,Rare,Fighting,150,Basic,[FFC] Mad Bite (100+)<br> This attack does 30 more damage for each damage counter on your opponent's Active Pokemon.,Gx2,4,,
560336,Slither Wing,Slither Wing,https://tcgplayer-cdn.tcgplayer.com/product/560336_200w.jpg,3,23529,https://cpt.tcgcsv.com/L8v6,2025-12-02T04:48:56.24,1,,0.05,0.22,1000.19,0.22,,Reverse Holofoil,,026/064,Uncommon,Fighting,140,Basic,"[FC] Iron Smasher (20+)<br> If your opponent has any Future Pokemon in play, this attack does 120 more damage.",Px2,3,[FFC] Smashing Wing (130)<br> Discard 2 Energy from this Pokemon.,
560336,Slither Wing,Slither Wing,https://tcgplayer-cdn.tcgplayer.com/product/560336_200w.jpg,3,23529,https://cpt.tcgcsv.com/L8v6,2025-12-02T04:48:56.24,1,,0.01,0.2,1000.18,0.21,0.05,Normal,,026/064,Uncommon,Fighting,140,Basic,"[FC] Iron Smasher (20+)<br> If your opponent has any Future Pokemon in play, this attack does 120 more damage.",Px2,3,[FFC] Smashing Wing (130)<br> Discard 2 Energy from this Pokemon.,
560337,Zubat,Zubat,https://tcgplayer-cdn.tcgplayer.com/product/560337_200w.jpg,3,23529,https://cpt.tcgcsv.com/M8v6,2025-12-02T04:53:03.747,1,,0.02,0.2,1000.16,0.19,0.1,Reverse Holofoil,,027/064,Common,Darkness,50,Basic,"[D] Lead<br> Search your deck for a Supporter card, reveal it, and put it into your hand. Then, shuffle your deck.",Lx2,1,[D] Darkness Fang (10),F-30
560337,Zubat,Zubat,https://tcgplayer-cdn.tcgplayer.com/product/560337_200w.jpg,3,23529,https://cpt.tcgcsv.com/M8v6,2025-12-02T04:53:03.747,1,,0.01,0.12,1000.09,0.08,0.01,Normal,,027/064,Common,Darkness,50,Basic,"[D] Lead<br> Search your deck for a Supporter card, reveal it, and put it into your hand. Then, shuffle your deck.",Lx2,1,[D] Darkness Fang (10),F-30
560338,Golbat,Golbat,https://tcgplayer-cdn.tcgplayer.com/product/560338_200w.jpg,3,23529,https://cpt.tcgcsv.com/N8v6,2025-12-13T00:06:02.12,1,,0.03,0.24,999.0,0.24,0.11,Reverse Holofoil,,028/064,Common,Darkness,80,Stage 1,[D] Speed Dive (30),Lx2,1,"[DC] Pitch-Black Blade (80)<br> During your next turn, this Pokemon can't attack.",F-30
560338,Golbat,Golbat,https://tcgplayer-cdn.tcgplayer.com/product/560338_200w.jpg,3,23529,https://cpt.tcgcsv.com/N8v6,2025-12-13T00:06:02.12,1,,0.01,0.15,1000.12,0.12,0.01,Normal,,028/064,Common,Darkness,80,Stage 1,[D] Speed Dive (30),Lx2,1,"[DC] Pitch-Black Blade (80)<br> During your next turn, this Pokemon can't attack.",F-30
560339,Crobat,Crobat,https://tcgplayer-cdn.tcgplayer.com/product/560339_200w.jpg,3,23529,https://cpt.tcgcsv.com/P8v6,2025-03-03T19:52:15.013,1,"<strong>Ability: Shadowy Envoy</strong> Once during your turn, if you played Janine's Secret Art from your hand this turn, you may draw cards until you have 8 cards in your hand.",0.02,0.2,1000.16,0.15,0.07,Reverse Holofoil,,029/064,Uncommon,Darkness,130,Stage 2,"[DC] Poison Fang (120)<br> Your opponent's Active Pokemon is now Poisoned. During Pokemon Checkup, put 2 damage counters on that Pokemon instead of 1.",Lx2,0,,F-30
560339,Crobat,Crobat,https://tcgplayer-cdn.tcgplayer.com/product/560339_200w.jpg,3,23529,https://cpt.tcgcsv.com/P8v6,2025-03-03T19:52:15.013,1,"<strong>Ability: Shadowy Envoy</strong> Once during your turn, if you played Janine's Secret Art from your hand this turn, you may draw cards until you have 8 cards in your hand.",0.01,0.1,1000.06,0.05,0.01,Normal,,029/064,Uncommon,Darkness,130,Stage 2,"[DC] Poison Fang (120)<br> Your opponent's Active Pokemon is now Poisoned. During Pokemon Checkup, put 2 damage counters on that Pokemon instead of 1.",Lx2,0,,F-30
560340,Absol,Absol,https://tcgplayer-cdn.tcgplayer.com/product/560340_200w.jpg,3,23529,https://cpt.tcgcsv.com/Q8v6,2026-02-26T23:14:59.077,1,,0.05,0.21,1000.21,0.2,0.1,Reverse Holofoil,,030/064,Common,Darkness,110,Basic,"[C] Darkfall (20+)<br> If you have at least 3 Darkness Energy in play, this attack does 50 more damage.",Gx2,1,,
560340,Absol,Absol,https://tcgplayer-cdn.tcgplayer.com/product/560340_200w.jpg,3,23529,https://cpt.tcgcsv.com/Q8v6,2026-02-26T23:14:59.077,1,,0.01,0.15,1000.14,0.17,0.02,Normal,,030/064,Common,Darkness,110,Basic,"[C] Darkfall (20+)<br> If you have at least 3 Darkness Energy in play, this attack does 50 more damage.",Gx2,1,,
560341,Zorua - 031/064,Zorua,https://tcgplayer-cdn.tcgplayer.com/product/560341_200w.jpg,3,23529,https://cpt.tcgcsv.com/R8v6,2025-12-12T23:56:30.947,1,,0.01,0.13,1000.07,0.09,0.01,Normal,,031/064,Common,Darkness,70,Basic,[C] Stampede (10),Gx2,1,[DC] Double Scratch (20x)<br> Flip 2 coins. This attack does 20 damage for each heads.,
560341,Zorua - 031/064,Zorua,https://tcgplayer-cdn.tcgplayer.com/product/560341_200w.jpg,3,23529,https://cpt.tcgcsv.com/R8v6,2025-12-12T23:56:30.947,1,,0.02,0.2,1000.17,0.17,0.06,Reverse Holofoil,,031/064,Common,Darkness,70,Basic,[C] Stampede (10),Gx2,1,[DC] Double Scratch (20x)<br> Flip 2 coins. This attack does 20 damage for each heads.,
560342,Zoroark,Zoroark,https://tcgplayer-cdn.tcgplayer.com/product/560342_200w.jpg,3,23529,https://cpt.tcgcsv.com/S8v6,2025-11-30T00:06:06.81,1,,0.01,0.2,1000.2,0.18,0.01,Holofoil,,032/064,Rare,Darkness,120,Stage 1,[CC] Illusory Hijacking (60x)<br> This attack does 60 damage for each of your opponent's Pokemon ex and Pokemon V in play.,Gx2,1,[DCC] Claw Slash (110),
560342,Zoroark,Zoroark,https://tcgplayer-cdn.tcgplayer.com/product/560342_200w.jpg,3,23529,https://cpt.tcgcsv.com/S8v6,2025-11-30T00:06:06.81,1,,0.02,0.23,1000.24,0.24,0.09,Reverse Holofoil,,032/064,Rare,Darkness,120,Stage 1,[CC] Illusory Hijacking (60x)<br> This attack does 60 damage for each of your opponent's Pokemon ex and Pokemon V in play.,Gx2,1,[DCC] Claw Slash (110),
560343,Inkay,Inkay,https://tcgplayer-cdn.tcgplayer.com/product/560343_200w.jpg,3,23529,https://cpt.tcgcsv.com/T8v6,2025-12-02T04:10:19.203,1,,0.01,0.11,1000.06,0.06,0.01,Normal,,033/064,Common,Darkness,60,Basic,[C] Mischievous Tentacles<br> Look at the top card of your opponent's deck. You may have your opponent shuffle their deck.,Gx2,1,[D] Peck (10),
560343,Inkay,Inkay,https://tcgplayer-cdn.tcgplayer.com/product/560343_200w.jpg,3,23529,https://cpt.tcgcsv.com/T8v6,2025-12-02T04:10:19.203,1,,0.03,0.19,1000.16,0.15,0.03,Reverse Holofoil,,033/064,Common,Darkness,60,Basic,[C] Mischievous Tentacles<br> Look at the top card of your opponent's deck. You may have your opponent shuffle their deck.,Gx2,1,[D] Peck (10),
560344,Malamar,Malamar,https://tcgplayer-cdn.tcgplayer.com/product/560344_200w.jpg,3,23529,https://cpt.tcgcsv.com/V8v6,2025-12-02T04:21:56.733,1,,0.01,0.1,1000.05,0.04,0.01,Normal,,034/064,Uncommon,Darkness,120,Stage 1,"[D] Colluding Tentacles<br> Switch in 1 of your opponent's Benched Pokemon to the Active Spot. If you do, this attack does 120 damage to the new Active Pokemon. If you didn't play Xerosic's Machinations from your hand during this turn, this attack does nothing.",Gx2,3,[DCC] Spinning Attack (90),
560344,Malamar,Malamar,https://tcgplayer-cdn.tcgplayer.com/product/560344_200w.jpg,3,23529,https://cpt.tcgcsv.com/V8v6,2025-12-02T04:21:56.733,1,,0.01,0.19,1000.14,0.15,,Reverse Holofoil,,034/064,Uncommon,Darkness,120,Stage 1,"[D] Colluding Tentacles<br> Switch in 1 of your opponent's Benched Pokemon to the Active Spot. If you do, this attack does 120 damage to the new Active Pokemon. If you didn't play Xerosic's Machinations from your hand during this turn, this attack does nothing.",Gx2,3,[DCC] Spinning Attack (90),
560345,Yveltal,Yveltal,https://tcgplayer-cdn.tcgplayer.com/product/560345_200w.jpg,3,23529,https://cpt.tcgcsv.com/W8v6,2026-01-13T20:51:06.26,1,,0.01,0.14,1000.14,0.13,0.09,Normal,,035/064,Uncommon,Darkness,120,Basic,[D] Corrosive Winds<br> Put 2 damage counters on each of your opponent's Pokemon that has any damage counters on it.,Lx2,1,"[DDC] Destructive Beam (100)<br> Flip a coin. If heads, discard an Energy from your opponent's Active Pokemon.",F-30
560345,Yveltal,Yveltal,https://tcgplayer-cdn.tcgplayer.com/product/560345_200w.jpg,3,23529,https://cpt.tcgcsv.com/W8v6,2026-01-13T20:51:06.26,1,,0.03,0.2,1000.18,0.2,0.09,Reverse Holofoil,,035/064,Uncommon,Darkness,120,Basic,[D] Corrosive Winds<br> Put 2 damage counters on each of your opponent's Pokemon that has any damage counters on it.,Lx2,1,"[DDC] Destructive Beam (100)<br> Flip a coin. If heads, discard an Energy from your opponent's Active Pokemon.",F-30
560346,Okidogi ex - 036/064,Okidogi,https://tcgplayer-cdn.tcgplayer.com/product/560346_200w.jpg,3,23529,https://cpt.tcgcsv.com/X8v6,2025-10-31T18:50:57.697,1,,0.5,0.98,999.0,0.69,0.63,Holofoil,,036/064,Double Rare,Darkness,250,Basic,"[C] Poisonous Musculature<br> Search your deck for up to 2 Basic Darkness Energy cards and attach them to this Pokemon. Then, shuffle your deck. If you attached Energy to a Pokemon in this way, this Pokemon is now Poisoned.",Fx2,3,"[DDC] Chain-Crazed (130+)<br> If this Pokemon is Poisoned, this attack does 130 more damage.",
560347,Munkidori ex - 037/064,Munkidori,https://tcgplayer-cdn.tcgplayer.com/product/560347_200w.jpg,3,23529,https://cpt.tcgcsv.com/Z8v6,2025-11-30T00:09:34.407,1,"<strong>Ability: Oh No You Don't</strong> If this Pokemon is Knocked Out by damage from an attack from your opponent's Pokemon, and if you have any Pecharunt ex in play, your opponent takes 1 fewer Prize card.",0.3,0.99,4321.0,0.63,0.99,Holofoil,,037/064,Double Rare,Darkness,210,Basic,"[DDC] Dirty Headbutt (190)<br> During your next turn, this Pokemon can't use Dirty Headbutt.",Fx2,1,,
560348,Fezandipiti ex - 038/064,Fezandipiti,https://tcgplayer-cdn.tcgplayer.com/product/560348_200w.jpg,3,23529,https://cpt.tcgcsv.com/-8v6,2026-02-16T14:22:38.83,1,"<strong>Ability: Flip the Script</strong> Once during your turn, if any of your Pokemon were Knocked Out during your opponent's last turn, you may draw 3 cards. You can't use more than 1 Flip the Script Ability each turn.",3.75,5.25,999.0,4.98,,Holofoil,,038/064,Double Rare,Darkness,210,Basic,[CCC] Cruel Arrow<br> This attack does 100 damage to 1 of your opponent's Pokemon. <em>(Don't apply Weakness and Resistance for Benched Pokemon.)</em>,Fx2,1,,
560349,Pecharunt ex - 039/064,Pecharunt,https://tcgplayer-cdn.tcgplayer.com/product/560349_200w.jpg,3,23529,https://cpt.tcgcsv.com/_8v6,2026-02-16T12:31:52.973,1,"<strong>Ability: Subjugating Chains</strong> Once during your turn, you may switch 1 of your Benched Darkness Pokemon, except any Pecharunt ex, with your Active Pokemon. If you do, the new Active Pokemon is now Poisoned. You can't use more than 1 Subjugating Chains Ability each turn.",3.51,5.16,4321.0,5.18,19.89,Holofoil,,039/064,Double Rare,Darkness,190,Basic,[DD] Irritated Outburst (60x)<br> This attack does 60 damage for each Prize card your opponent has taken.,Fx2,1,,
560350,Genesect,Genesect,https://tcgplayer-cdn.tcgplayer.com/product/560350_200w.jpg,3,23529,https://cpt.tcgcsv.com/09v6,2025-12-02T04:01:41.183,1,"<strong>Ability: ACE Nullifier</strong> If this Pokemon has a Pokemon Tool attached, your opponent can't play any ACE SPEC cards from their hand.",0.02,0.19,1000.11,0.15,0.03,Normal,,040/064,Uncommon,Metal,110,Basic,[MCC] Magnetic Blast (100),Rx2,1,,G-30
560350,Genesect,Genesect,https://tcgplayer-cdn.tcgplayer.com/product/560350_200w.jpg,3,23529,https://cpt.tcgcsv.com/09v6,2025-12-02T04:01:41.183,1,"<strong>Ability: ACE Nullifier</strong> If this Pokemon has a Pokemon Tool attached, your opponent can't play any ACE SPEC cards from their hand.",0.06,0.25,999.0,0.27,0.06,Reverse Holofoil,,040/064,Uncommon,Metal,110,Basic,[MCC] Magnetic Blast (100),Rx2,1,,G-30
560351,Cufant - 041/064,Cufant,https://tcgplayer-cdn.tcgplayer.com/product/560351_200w.jpg,3,23529,https://cpt.tcgcsv.com/29v6,2025-12-12T23:59:28.613,1,,0.01,0.1,999.0,0.05,0.01,Normal,,041/064,Common,Metal,100,Basic,[MC] Tackle (30),Rx2,3,[MMC] Confront (70),G-30
560351,Cufant - 041/064,Cufant,https://tcgplayer-cdn.tcgplayer.com/product/560351_200w.jpg,3,23529,https://cpt.tcgcsv.com/29v6,2025-12-12T23:59:28.613,1,,0.03,0.18,999.0,0.12,,Reverse Holofoil,,041/064,Common,Metal,100,Basic,[MC] Tackle (30),Rx2,3,[MMC] Confront (70),G-30
560352,Copperajah,Copperajah,https://tcgplayer-cdn.tcgplayer.com/product/560352_200w.jpg,3,23529,https://cpt.tcgcsv.com/39v6,2025-12-10T02:31:22.59,1,"<strong>Ability: Massive Body</strong> As long as this Pokemon is in the Active Spot, your opponent can't play any Stadium cards from their hand.",0.01,0.2,1000.14,0.14,0.05,Reverse Holofoil,,042/064,Rare,Metal,200,Stage 1,"[MMMC] Nasal Lariat (130+)<br> You may do 100 more damage. If you do, during your next turn, this Pokemon can't attack.",Rx2,4,,G-30
560352,Copperajah,Copperajah,https://tcgplayer-cdn.tcgplayer.com/product/560352_200w.jpg,3,23529,https://cpt.tcgcsv.com/39v6,2025-12-10T02:31:22.59,1,"<strong>Ability: Massive Body</strong> As long as this Pokemon is in the Active Spot, your opponent can't play any Stadium cards from their hand.",0.01,0.15,1000.07,0.07,0.02,Holofoil,,042/064,Rare,Metal,200,Stage 1,"[MMMC] Nasal Lariat (130+)<br> You may do 100 more damage. If you do, during your next turn, this Pokemon can't attack.",Rx2,4,,G-30
560353,Varoom,Varoom,https://tcgplayer-cdn.tcgplayer.com/product/560353_200w.jpg,3,23529,https://cpt.tcgcsv.com/59v6,2026-02-05T19:06:00.403,1,,0.01,0.12,1000.08,0.07,0.01,Normal,,043/064,Common,Metal,70,Basic,"[M] Rigidify<br> During your opponent's next turn, this Pokemon takes 30 less damage from attacks <em>(after applying Weakness and Resistance)</em>.",Rx2,1,[MM] Headbutt Bounce (20),G-30
560353,Varoom,Varoom,https://tcgplayer-cdn.tcgplayer.com/product/560353_200w.jpg,3,23529,https://cpt.tcgcsv.com/59v6,2026-02-05T19:06:00.403,1,,0.03,0.18,1000.15,0.16,0.03,Reverse Holofoil,,043/064,Common,Metal,70,Basic,"[M] Rigidify<br> During your opponent's next turn, this Pokemon takes 30 less damage from attacks <em>(after applying Weakness and Resistance)</em>.",Rx2,1,[MM] Headbutt Bounce (20),G-30
560354,Axew,Axew,https://tcgplayer-cdn.tcgplayer.com/product/560354_200w.jpg,3,23529,https://cpt.tcgcsv.com/69v6,2025-12-13T00:36:43.933,1,,0.01,0.13,1000.05,0.06,0.05,Normal,,044/064,Common,Dragon,70,Basic,[F] Scratch (10),,2,[FM] Sharp Fang (30),
560354,Axew,Axew,https://tcgplayer-cdn.tcgplayer.com/product/560354_200w.jpg,3,23529,https://cpt.tcgcsv.com/69v6,2025-12-13T00:36:43.933,1,,0.01,0.2,1000.14,0.14,0.1,Reverse Holofoil,,044/064,Common,Dragon,70,Basic,[F] Scratch (10),,2,[FM] Sharp Fang (30),
560355,Fraxure - 045/064,Fraxure,https://tcgplayer-cdn.tcgplayer.com/product/560355_200w.jpg,3,23529,https://cpt.tcgcsv.com/79v6,2025-12-13T00:34:08.697,1,"<strong>Ability: Unnerve</strong> Whenever your opponent plays an Item or Supporter card from their hand, prevent all effects of that card done to this Pokemon.",0.01,0.2,1000.15,0.13,0.05,Reverse Holofoil,,045/064,Common,Dragon,100,Stage 1,[FM] Dragon Pulse (80)<br> Discard the top card of your deck.,,2,,
560355,Fraxure - 045/064,Fraxure,https://tcgplayer-cdn.tcgplayer.com/product/560355_200w.jpg,3,23529,https://cpt.tcgcsv.com/79v6,2025-12-13T00:34:08.697,1,"<strong>Ability: Unnerve</strong> Whenever your opponent plays an Item or Supporter card from their hand, prevent all effects of that card done to this Pokemon.",0.01,0.12,1000.04,0.05,0.05,Normal,,045/064,Common,Dragon,100,Stage 1,[FM] Dragon Pulse (80)<br> Discard the top card of your deck.,,2,,
560356,Haxorus,Haxorus,https://tcgplayer-cdn.tcgplayer.com/product/560356_200w.jpg,3,23529,https://cpt.tcgcsv.com/89v6,2025-12-11T02:39:36,1,,0.01,0.19,1000.16,0.17,,Holofoil,,046/064,Rare,Dragon,170,Stage 2,"[F] Bring Down the Axe<br> If your opponent's Active Pokemon has any Special Energy attached, it is Knocked Out.",,2,[FM] Dragon Pulse (230)<br> Discard the top 3 cards of your deck.,
560356,Haxorus,Haxorus,https://tcgplayer-cdn.tcgplayer.com/product/560356_200w.jpg,3,23529,https://cpt.tcgcsv.com/89v6,2025-12-11T02:39:36,1,,0.01,0.23,1000.23,0.24,,Reverse Holofoil,,046/064,Rare,Dragon,170,Stage 2,"[F] Bring Down the Axe<br> If your opponent's Active Pokemon has any Special Energy attached, it is Knocked Out.",,2,[FM] Dragon Pulse (230)<br> Discard the top 3 cards of your deck.,
560358,Kyurem,Kyurem,https://tcgplayer-cdn.tcgplayer.com/product/560358_200w.jpg,3,23529,https://cpt.tcgcsv.com/b9v6,2026-03-24T14:49:25.4,1,"<strong>Ability: Plasma Bane</strong> If your opponent has any cards in their discard pile that have Colress in the name, this Pokemon can use the Trifrost attack for Colorless.",0.01,0.25,1000.29,0.25,0.14,Reverse Holofoil,,047/064,Uncommon,Dragon,130,Basic,[WWMMC] Trifrost<br> Discard all Energy from this Pokemon. This attack does 110 damage to 3 of your opponent's Pokemon. ''(Don't apply Weakness and Resistance for Benched Pokemon.)'',,2,,
560358,Kyurem,Kyurem,https://tcgplayer-cdn.tcgplayer.com/product/560358_200w.jpg,3,23529,https://cpt.tcgcsv.com/b9v6,2026-03-24T14:49:25.4,1,"<strong>Ability: Plasma Bane</strong> If your opponent has any cards in their discard pile that have Colress in the name, this Pokemon can use the Trifrost attack for Colorless.",0.02,0.17,1000.14,0.15,,Normal,,047/064,Uncommon,Dragon,130,Basic,[WWMMC] Trifrost<br> Discard all Energy from this Pokemon. This attack does 110 damage to 3 of your opponent's Pokemon. ''(Don't apply Weakness and Resistance for Benched Pokemon.)'',,2,,
560359,Meowth,Meowth,https://tcgplayer-cdn.tcgplayer.com/product/560359_200w.jpg,3,23529,https://cpt.tcgcsv.com/c9v6,2026-02-05T19:10:29.633,1,,0.01,0.15,1000.13,0.11,0.06,Normal,,048/064,Common,Colorless,70,Basic,[CC] Fury Swipes (20x)<br> Flip 3 coins. This attack does 20 damage for each heads.,Fx2,1,,
560359,Meowth,Meowth,https://tcgplayer-cdn.tcgplayer.com/product/560359_200w.jpg,3,23529,https://cpt.tcgcsv.com/c9v6,2026-02-05T19:10:29.633,1,,0.03,0.24,1000.24,0.24,0.1,Reverse Holofoil,,048/064,Common,Colorless,70,Basic,[CC] Fury Swipes (20x)<br> Flip 3 coins. This attack does 20 damage for each heads.,Fx2,1,,
560360,Persian - 049/064,Persian,https://tcgplayer-cdn.tcgplayer.com/product/560360_200w.jpg,3,23529,https://cpt.tcgcsv.com/d9v6,2026-02-10T15:07:20.513,1,,0.01,0.13,1000.11,0.07,,Normal,,049/064,Common,Colorless,110,Stage 1,[CC] Fury Swipes (50x)<br> Flip 3 coins. This attack does 50 damage for each heads.,Fx2,1,[CCC] Slashing Claw (100),
560360,Persian - 049/064,Persian,https://tcgplayer-cdn.tcgplayer.com/product/560360_200w.jpg,3,23529,https://cpt.tcgcsv.com/d9v6,2026-02-10T15:07:20.513,1,,0.01,0.2,1000.18,0.18,,Reverse Holofoil,,049/064,Common,Colorless,110,Stage 1,[CC] Fury Swipes (50x)<br> Flip 3 coins. This attack does 50 damage for each heads.,Fx2,1,[CCC] Slashing Claw (100),
560361,Eevee,Eevee,https://tcgplayer-cdn.tcgplayer.com/product/560361_200w.jpg,3,23529,https://cpt.tcgcsv.com/f9v6,2025-12-02T03:51:43.153,1,,0.02,0.24,1000.23,0.24,,Normal,,050/064,Common,Colorless,70,Basic,"[C] Colorful Catch<br> Search your deck for up to 3 Basic Energy cards of different types, reveal them, and put them into your hand. Then, shuffle your deck.",Fx2,1,[CC] Headbutt (20),
560361,Eevee,Eevee,https://tcgplayer-cdn.tcgplayer.com/product/560361_200w.jpg,3,23529,https://cpt.tcgcsv.com/f9v6,2025-12-02T03:51:43.153,1,,0.09,0.39,999.0,0.43,0.47,Reverse Holofoil,,050/064,Common,Colorless,70,Basic,"[C] Colorful Catch<br> Search your deck for up to 3 Basic Energy cards of different types, reveal them, and put them into your hand. Then, shuffle your deck.",Fx2,1,[CC] Headbutt (20),
560362,Furfrou,Furfrou,https://tcgplayer-cdn.tcgplayer.com/product/560362_200w.jpg,3,23529,https://cpt.tcgcsv.com/g9v6,2025-12-02T03:53:08.567,1,,0.01,0.11,1000.07,0.07,0.02,Normal,,051/064,Common,Colorless,100,Basic,[C] Energy Assist (30)<br> Attach a Basic Energy card from your discard pile to 1 of your Benched Pokemon.,Fx2,1,,
560362,Furfrou,Furfrou,https://tcgplayer-cdn.tcgplayer.com/product/560362_200w.jpg,3,23529,https://cpt.tcgcsv.com/g9v6,2025-12-02T03:53:08.567,1,,0.01,0.2,1000.14,0.15,,Reverse Holofoil,,051/064,Common,Colorless,100,Basic,[C] Energy Assist (30)<br> Attach a Basic Energy card from your discard pile to 1 of your Benched Pokemon.,Fx2,1,,
560363,Stufful,Stufful,https://tcgplayer-cdn.tcgplayer.com/product/560363_200w.jpg,3,23529,https://cpt.tcgcsv.com/h9v6,2026-01-27T22:52:43.72,1,,0.01,0.1,1000.05,0.06,0.01,Normal,,052/064,Common,Colorless,80,Basic,[C] Take Down (30)<br> This Pokemon also does 10 damage to itself.,Fx2,2,,
560363,Stufful,Stufful,https://tcgplayer-cdn.tcgplayer.com/product/560363_200w.jpg,3,23529,https://cpt.tcgcsv.com/h9v6,2026-01-27T22:52:43.72,1,,0.01,0.19,1000.15,0.16,0.1,Reverse Holofoil,,052/064,Common,Colorless,80,Basic,[C] Take Down (30)<br> This Pokemon also does 10 damage to itself.,Fx2,2,,
560364,Bewear - 053/064,Bewear,https://tcgplayer-cdn.tcgplayer.com/product/560364_200w.jpg,3,23529,https://cpt.tcgcsv.com/j9v6,2025-11-25T21:52:13.743,1,,0.01,0.2,1000.17,0.17,0.06,Reverse Holofoil,,053/064,Common,Colorless,130,Stage 1,"[C] Power Charger (30)<br> Search your deck for a Basic Energy card and attach it to this Pokemon. Then, shuffle your deck.",Fx2,3,[CCC] Hammer In (130),
560364,Bewear - 053/064,Bewear,https://tcgplayer-cdn.tcgplayer.com/product/560364_200w.jpg,3,23529,https://cpt.tcgcsv.com/j9v6,2025-11-25T21:52:13.743,1,,0.01,0.1,1000.05,0.07,0.01,Normal,,053/064,Common,Colorless,130,Stage 1,"[C] Power Charger (30)<br> Search your deck for a Basic Energy card and attach it to this Pokemon. Then, shuffle your deck.",Fx2,3,[CCC] Hammer In (130),
560365,Academy at Night,None,https://tcgplayer-cdn.tcgplayer.com/product/560365_200w.jpg,3,23529,https://cpt.tcgcsv.com/k9v6,2025-12-02T03:28:57.363,1,"Once during each player's turn, that player may put a card from their hand on top of their deck.",0.02,0.18,1000.15,0.13,,Normal,,054/064,Uncommon,Trainer - Stadium,,,,,,,
560365,Academy at Night,None,https://tcgplayer-cdn.tcgplayer.com/product/560365_200w.jpg,3,23529,https://cpt.tcgcsv.com/k9v6,2025-12-02T03:28:57.363,1,"Once during each player's turn, that player may put a card from their hand on top of their deck.",0.01,0.22,1000.16,0.19,,Reverse Holofoil,,054/064,Uncommon,Trainer - Stadium,,,,,,,
560366,Binding Mochi,None,https://tcgplayer-cdn.tcgplayer.com/product/560366_200w.jpg,3,23529,https://cpt.tcgcsv.com/l9v6,2025-12-12T23:57:09.97,1,Attacks used by the Poisoned Pokemon this card is attached to do 40 more damage to your opponent's Active Pokemon ''(before applying Weakness and Resistance)''.,0.01,0.15,1000.07,0.1,0.01,Normal,,055/064,Uncommon,Trainer - Pokemon Tool,,,,,,,
560366,Binding Mochi,None,https://tcgplayer-cdn.tcgplayer.com/product/560366_200w.jpg,3,23529,https://cpt.tcgcsv.com/l9v6,2025-12-12T23:57:09.97,1,Attacks used by the Poisoned Pokemon this card is attached to do 40 more damage to your opponent's Active Pokemon ''(before applying Weakness and Resistance)''.,0.02,0.2,1000.15,0.15,0.05,Reverse Holofoil,,055/064,Uncommon,Trainer - Pokemon Tool,,,,,,,
560367,Cassiopeia - 056/064,Cassiopeia,https://tcgplayer-cdn.tcgplayer.com/product/560367_200w.jpg,3,23529,https://cpt.tcgcsv.com/m9v6,2025-12-02T03:33:47.957,1,"You can use this card only when it is the last card in your hand.<br>
<br>
Search your deck for up to 2 cards and put them into your hand. Then, shuffle your deck.",0.01,0.12,1000.08,0.08,0.01,Normal,,056/064,Uncommon,Trainer - Supporter,,,,,,,
560367,Cassiopeia - 056/064,Cassiopeia,https://tcgplayer-cdn.tcgplayer.com/product/560367_200w.jpg,3,23529,https://cpt.tcgcsv.com/m9v6,2025-12-02T03:33:47.957,1,"You can use this card only when it is the last card in your hand.<br>
<br>
Search your deck for up to 2 cards and put them into your hand. Then, shuffle your deck.",0.01,0.2,1000.13,0.12,0.1,Reverse Holofoil,,056/064,Uncommon,Trainer - Supporter,,,,,,,
560368,Colress's Tenacity - 057/064,Colress,https://tcgplayer-cdn.tcgplayer.com/product/560368_200w.jpg,3,23529,https://cpt.tcgcsv.com/n9v6,2026-02-05T19:23:13.1,1,"Search your deck for a Stadium card and an Energy card, reveal them, and put them into your hand. Then, shuffle your deck.",0.1,0.3,1000.28,0.31,0.3,Reverse Holofoil,,057/064,Uncommon,Trainer - Supporter,,,,,,,
560368,Colress's Tenacity - 057/064,Colress,https://tcgplayer-cdn.tcgplayer.com/product/560368_200w.jpg,3,23529,https://cpt.tcgcsv.com/n9v6,2026-02-05T19:23:13.1,1,"Search your deck for a Stadium card and an Energy card, reveal them, and put them into your hand. Then, shuffle your deck.",0.02,0.25,1000.28,0.25,,Normal,,057/064,Uncommon,Trainer - Supporter,,,,,,,
560369,Dangerous Laser,None,https://tcgplayer-cdn.tcgplayer.com/product/560369_200w.jpg,3,23529,https://cpt.tcgcsv.com/p9v6,2025-10-31T18:50:58.75,1,Your opponent's Active Pokemon is now Burned and Confused.,0.18,0.5,4321.0,0.46,0.4,Holofoil,,058/064,ACE SPEC Rare,Trainer - Item,,,,,,,
560370,Janine's Secret Art - 059/064,Janine,https://tcgplayer-cdn.tcgplayer.com/product/560370_200w.jpg,3,23529,https://cpt.tcgcsv.com/q9v6,2025-12-12T23:47:56.34,1,"Choose up to 2 of your Darkness Pokemon. For each of those Pokemon, search your deck for a Basic Darkness Energy card and attach it to that Pokemon. Then, shuffle your deck. If you attached Energy to your Active Pokemon in this way, it is now Poisoned.",0.01,0.2,1000.15,0.14,0.1,Reverse Holofoil,,059/064,Uncommon,Trainer - Supporter,,,,,,,
560370,Janine's Secret Art - 059/064,Janine,https://tcgplayer-cdn.tcgplayer.com/product/560370_200w.jpg,3,23529,https://cpt.tcgcsv.com/q9v6,2025-12-12T23:47:56.34,1,"Choose up to 2 of your Darkness Pokemon. For each of those Pokemon, search your deck for a Basic Darkness Energy card and attach it to that Pokemon. Then, shuffle your deck. If you attached Energy to your Active Pokemon in this way, it is now Poisoned.",0.01,0.15,1000.1,0.09,0.01,Normal,,059/064,Uncommon,Trainer - Supporter,,,,,,,
560371,Neutralization Zone,None,https://tcgplayer-cdn.tcgplayer.com/product/560371_200w.jpg,3,23529,https://cpt.tcgcsv.com/r9v6,2025-11-29T03:07:48.913,1,"Prevent all damage done to Pokemon that don't have a Rule Box ''(both yours and your opponent's)'' by attacks from the opponent's Pokemon ex and Pokemon V. ''(Pokemon ex, Pokemon V, etc. have Rule Boxes.)''<br>
<br>
This card can't be put into your hand or deck from the discard pile.",0.59,1.0,4321.0,0.95,1.24,Holofoil,,060/064,ACE SPEC Rare,Trainer - Stadium,,,,,,,
560372,Night Stretcher,None,https://tcgplayer-cdn.tcgplayer.com/product/560372_200w.jpg,3,23529,https://cpt.tcgcsv.com/s9v6,2026-02-16T12:31:38.6,1,Put a Pokemon or a Basic Energy card from your discard pile into your hand.,0.5,2.48,999.0,2.45,2.45,Reverse Holofoil,,061/064,Uncommon,Trainer - Item,,,,,,,
560372,Night Stretcher,None,https://tcgplayer-cdn.tcgplayer.com/product/560372_200w.jpg,3,23529,https://cpt.tcgcsv.com/s9v6,2026-02-16T12:31:38.6,1,Put a Pokemon or a Basic Energy card from your discard pile into your hand.,0.02,0.5,999.0,0.33,0.29,Normal,,061/064,Uncommon,Trainer - Item,,,,,,,
560373,Poke Vital A,None,https://tcgplayer-cdn.tcgplayer.com/product/560373_200w.jpg,3,23529,https://cpt.tcgcsv.com/t9v6,2025-10-31T18:50:57.637,1,"Heal 150 damage from 1 of your Pokemon.<br>
<br>
This card can't be put into your hand or deck from the discard pile.",0.25,0.62,4321.0,0.47,0.4,Holofoil,,062/064,ACE SPEC Rare,Trainer - Item,,,,,,,
560374,Powerglass - 063/064,None,https://tcgplayer-cdn.tcgplayer.com/product/560374_200w.jpg,3,23529,https://cpt.tcgcsv.com/v9v6,2026-02-10T15:05:42.203,1,"At the end of your turn ''(after your attack)'', if the Pokemon this card is attached to is in the Active Spot, you may attach a Basic Energy card from your discard pile to it.",0.01,0.17,1000.12,0.14,,Normal,,063/064,Uncommon,Trainer - Pokemon Tool,,,,,,,
560374,Powerglass - 063/064,None,https://tcgplayer-cdn.tcgplayer.com/product/560374_200w.jpg,3,23529,https://cpt.tcgcsv.com/v9v6,2026-02-10T15:05:42.203,1,"At the end of your turn ''(after your attack)'', if the Pokemon this card is attached to is in the Active Spot, you may attach a Basic Energy card from your discard pile to it.",0.02,0.26,1000.27,0.26,0.26,Reverse Holofoil,,063/064,Uncommon,Trainer - Pokemon Tool,,,,,,,
560375,Xerosic's Machinations - 064/064,Xerosic,https://tcgplayer-cdn.tcgplayer.com/product/560375_200w.jpg,3,23529,https://cpt.tcgcsv.com/w9v6,2025-12-12T23:55:45.29,1,Your opponent discards cards from their hand until they have 3 cards in their hand.,0.02,0.25,999.0,0.25,,Reverse Holofoil,,064/064,Uncommon,Trainer - Supporter,,,,,,,
560375,Xerosic's Machinations - 064/064,Xerosic,https://tcgplayer-cdn.tcgplayer.com/product/560375_200w.jpg,3,23529,https://cpt.tcgcsv.com/w9v6,2025-12-12T23:55:45.29,1,Your opponent discards cards from their hand until they have 3 cards in their hand.,0.01,0.2,1000.18,0.14,,Normal,,064/064,Uncommon,Trainer - Supporter,,,,,,,
560376,Tapu Bulu - 065/064,Tapu Bulu,https://tcgplayer-cdn.tcgplayer.com/product/560376_200w.jpg,3,23529,https://cpt.tcgcsv.com/x9v6,2025-03-03T19:52:17.613,1,,5.0,7.99,999.0,7.34,9.36,Holofoil,,065/064,Illustration Rare,Grass,140,Basic,[GGCC] Wood Hammer (220)<br> This Pokemon also does 30 damage to itself.,Rx2,3,,
560377,Houndoom - 066/064,Houndoom,https://tcgplayer-cdn.tcgplayer.com/product/560377_200w.jpg,3,23529,https://cpt.tcgcsv.com/z9v6,2025-12-03T20:26:28.477,1,,39.68,50.0,999.0,42.6,57.84,Holofoil,,066/064,Illustration Rare,Fire,120,Stage 1,[CC] Bite (50),Wx2,2,"[RCC] Snarl (100)<br> During your opponent's next turn, attacks used by the Defending Pokemon do 100 less damage <em>(before applying Weakness and Resistance)''</em>.",
560378,Horsea - 067/064,Horsea,https://tcgplayer-cdn.tcgplayer.com/product/560378_200w.jpg,3,23529,https://cpt.tcgcsv.com/B9v6,2026-02-16T12:31:15.15,1,,45.98,54.22,999.0,47.14,70.72,Holofoil,,067/064,Illustration Rare,Water,60,Basic,[W] Hold Still<br> Heal 30 damage from this Pokemon.,Lx2,1,[CC] Razor Fin (20),
560379,Duskull - 068/064,Duskull,https://tcgplayer-cdn.tcgplayer.com/product/560379_200w.jpg,3,23529,https://cpt.tcgcsv.com/C9v6,2025-12-03T13:08:45.3,1,,51.79,61.11,999.0,52.49,61.11,Holofoil,,068/064,Illustration Rare,Psychic,60,Basic,[P] Come and Get You<br> Put up to 3 Duskull from your discard pile onto your Bench.,Dx2,1,[PP] Mumble (30),F-30
560380,Dusclops - 069/064,Dusclops,https://tcgplayer-cdn.tcgplayer.com/product/560380_200w.jpg,3,23529,https://cpt.tcgcsv.com/D9v6,2025-03-03T19:52:18.047,1,"<strong>Ability: Cursed Blast</strong> Once during your turn, you may put 5 damage counters on 1 of your opponent's Pokemon. If you use this Ability, this Pokemon is Knocked Out.",45.99,57.0,999.0,48.26,57.0,Holofoil,,069/064,Illustration Rare,Psychic,90,Stage 1,[PP] Will-O-Wisp (50),Dx2,2,,F-30
560381,Dusknoir - 070/064,Dusknoir,https://tcgplayer-cdn.tcgplayer.com/product/560381_200w.jpg,3,23529,https://cpt.tcgcsv.com/F9v6,2025-12-03T13:07:20.71,1,"<strong>Ability: Cursed Blast</strong> Once during your turn, you may put 13 damage counters on 1 of your opponent's Pokemon. If you use this Ability, this Pokemon is Knocked Out.",28.99,39.0,999.0,34.47,37.38,Holofoil,,070/064,Illustration Rare,Psychic,160,Stage 2,"[PPC] Shadow Bind (150)<br> During your opponent's next turn, the Defending Pokemon can't retreat.",Dx2,3,,F-30
560382,Cresselia - 071/064,Cresselia,https://tcgplayer-cdn.tcgplayer.com/product/560382_200w.jpg,3,23529,https://cpt.tcgcsv.com/G9v6,2026-02-16T12:25:13.733,1,,21.63,26.32,999.0,23.81,23.8,Holofoil,,071/064,Illustration Rare,Psychic,120,Basic,[P] Healing Pirouette<br> Heal 20 damage from each of your Pokemon.,Dx2,1,"[PPP] Crescent Purge (80+)<br> You may turn 1 of your face-down Prize cards face up. If you do, this attack does 80 more damage. <em>(That Prize card remains face up for the rest of the game.)</em>",F-30
560383,Munkidori,Munkidori,https://tcgplayer-cdn.tcgplayer.com/product/560383_200w.jpg,3,23529,https://cpt.tcgcsv.com/H9v6,2025-10-23T13:39:06.453,1,"<strong>Ability: Adrena-Brain</strong> Once during your turn, if this Pokemon has any Darkness Energy attached, you may move up to 3 damage counters from 1 of your Pokemon to 1 of your opponent's Pokemon.",36.0,46.37,999.0,39.43,58.2,Holofoil,,072/064,Illustration Rare,Psychic,110,Basic,[PC] Mind Bend (60)<br> Your opponent's Active Pokemon is now Confused.,Dx2,1,,F-30
560384,Fezandipiti,Fezandipiti,https://tcgplayer-cdn.tcgplayer.com/product/560384_200w.jpg,3,23529,https://cpt.tcgcsv.com/J9v6,2026-03-12T11:47:07.783,1,"<strong>Ability: Adrena-Pheromone</strong> If this Pokemon has any Darkness Energy attached and is damaged by an attack, flip a coin. If heads, prevent that damage.",7.0,9.99,999.0,8.6,12.1,Holofoil,,073/064,Illustration Rare,Psychic,120,Basic,[P] Energy Feather (30x)<br> This attack does 30 damage for each Energy attached to this Pokemon.,Mx2,1,,
560385,Okidogi,Okidogi,https://tcgplayer-cdn.tcgplayer.com/product/560385_200w.jpg,3,23529,https://cpt.tcgcsv.com/K9v6,2026-02-11T18:38:30.757,1,"<strong>Ability: Adrena-Power</strong> If this Pokemon has any Darkness Energy attached, it gets +100 HP, and the attacks it uses do 100 more damage to your opponent's Active Pokemon ''(before applying Weakness and Resistance)''.",13.17,20.02,999.0,15.88,21.99,Holofoil,,074/064,Illustration Rare,Fighting,130,Basic,[FF] Good Punch (70),Px2,2,,
560386,Zorua - 075/064,Zorua,https://tcgplayer-cdn.tcgplayer.com/product/560386_200w.jpg,3,23529,https://cpt.tcgcsv.com/L9v6,2026-02-16T12:32:04.853,1,,14.62,19.95,999.0,18.96,29.98,Holofoil,,075/064,Illustration Rare,Darkness,70,Basic,[C] Stampede (10),Gx2,1,[DC] Double Scratch (20x)<br> Flip 2 coins. This attack does 20 damage for each heads.,
560387,Cufant - 076/064,Cufant,https://tcgplayer-cdn.tcgplayer.com/product/560387_200w.jpg,3,23529,https://cpt.tcgcsv.com/M9v6,2025-11-29T05:43:47.077,1,,10.99,13.78,4321.0,11.52,15.0,Holofoil,,076/064,Illustration Rare,Metal,100,Basic,[MC] Tackle (30),Rx2,3,[MMC] Confront (70),G-30
560388,Fraxure - 077/064,Fraxure,https://tcgplayer-cdn.tcgplayer.com/product/560388_200w.jpg,3,23529,https://cpt.tcgcsv.com/N9v6,2025-03-03T19:52:18.723,1,"<strong>Ability: Unnerve</strong> Whenever your opponent plays an Item or Supporter card from their hand, prevent all effects of that card done to this Pokemon.",9.0,12.54,999.0,11.42,12.99,Holofoil,,077/064,Illustration Rare,Dragon,100,Stage 1,[FM] Dragon Pulse (80)<br> Discard the top card of your deck.,,2,,
560389,Persian - 078/064,Persian,https://tcgplayer-cdn.tcgplayer.com/product/560389_200w.jpg,3,23529,https://cpt.tcgcsv.com/P9v6,2026-02-11T18:37:33.493,1,,66.0,91.25,999.0,57.88,73.49,Holofoil,,078/064,Illustration Rare,Colorless,110,Stage 1,[CC] Fury Swipes (50x)<br> Flip 3 coins. This attack does 50 damage for each heads.,Fx2,1,[CCC] Slashing Claw (100),
560390,Bewear - 079/064,Bewear,https://tcgplayer-cdn.tcgplayer.com/product/560390_200w.jpg,3,23529,https://cpt.tcgcsv.com/Q9v6,2026-02-16T12:24:57.927,1,,18.85,49.49,999.0,33.3,66.75,Holofoil,,079/064,Illustration Rare,Colorless,130,Stage 1,"[C] Power Charger (30)<br> Search your deck for a Basic Energy card and attach it to this Pokemon. Then, shuffle your deck.",Fx2,3,[CCC] Hammer In (130),
560391,Kingdra ex - 080/064,Kingdra,https://tcgplayer-cdn.tcgplayer.com/product/560391_200w.jpg,3,23529,https://cpt.tcgcsv.com/R9v6,2025-11-29T05:44:24.39,1,,2.0,3.75,999.0,3.37,5.0,Holofoil,,080/064,Ultra Rare,Water,310,Stage 2,[W] King's Order<br> Put up to 3 Water Pokemon from your discard pile onto your Bench.,Lx2,1,[CC] Hydro Pump (50+)<br> This attack does 50 more damage for each Water Energy attached to this Pokemon.,
560392,Revavroom ex - 081/064,Revavroom,https://tcgplayer-cdn.tcgplayer.com/product/560392_200w.jpg,3,23529,https://cpt.tcgcsv.com/S9v6,2025-03-03T19:52:18.973,1,,1.0,1.8,999.0,1.61,2.99,Holofoil,,081/064,Ultra Rare,Lightning,280,Stage 1,"[M] Accelerator Flash (20+)<br> If this Pokemon moved from your Bench to the Active Spot this turn, this attack does 120 more damage.",Fx2,1,[MMM] Shattering Speed (250)<br> Discard this Pokemon and all attached cards.,
560393,Okidogi ex - 082/064,Okidogi,https://tcgplayer-cdn.tcgplayer.com/product/560393_200w.jpg,3,23529,https://cpt.tcgcsv.com/T9v6,2025-03-03T19:52:19.037,1,,2.11,3.34,4321.0,3.4,4.0,Holofoil,,082/064,Ultra Rare,Darkness,250,Basic,"[C] Poisonous Musculature<br> Search your deck for up to 2 Basic Darkness Energy cards and attach them to this Pokemon. Then, shuffle your deck. If you attached Energy to a Pokemon in this way, this Pokemon is now Poisoned.",Fx2,3,"[DDC] Chain-Crazed (130+)<br> If this Pokemon is Poisoned, this attack does 130 more damage.",
560394,Munkidori ex - 083/064,Munkidori,https://tcgplayer-cdn.tcgplayer.com/product/560394_200w.jpg,3,23529,https://cpt.tcgcsv.com/V9v6,2025-03-03T19:52:19.09,1,"<strong>Ability: Oh No You Don't</strong> If this Pokemon is Knocked Out by damage from an attack from your opponent's Pokemon, and if you have any Pecharunt ex in play, your opponent takes 1 fewer Prize card.",1.5,2.46,999.0,2.27,3.0,Holofoil,,083/064,Ultra Rare,Darkness,210,Basic,"[DDC] Dirty Headbutt (190)<br> During your next turn, this Pokemon can't use Dirty Headbutt.",Fx2,1,,
560395,Fezandipiti ex - 084/064,Fezandipiti,https://tcgplayer-cdn.tcgplayer.com/product/560395_200w.jpg,3,23529,https://cpt.tcgcsv.com/W9v6,2025-11-29T05:45:16.233,1,"<strong>Ability: Flip the Script</strong> Once during your turn, if any of your Pokemon were Knocked Out during your opponent's last turn, you may draw 3 cards. You can't use more than 1 Flip the Script Ability each turn.",11.17,14.5,999.0,12.68,18.0,Holofoil,,084/064,Ultra Rare,Darkness,210,Basic,[CCC] Cruel Arrow<br> This attack does 100 damage to 1 of your opponent's Pokemon. ''(Don't apply Weakness and Resistance for Benched Pokemon.)'',Fx2,1,,
560396,Pecharunt ex - 085/064,Pecharunt,https://tcgplayer-cdn.tcgplayer.com/product/560396_200w.jpg,3,23529,https://cpt.tcgcsv.com/X9v6,2025-03-03T19:52:19.4,1,"<strong>Ability: Subjugating Chains</strong> Once during your turn, you may switch 1 of your Benched Darkness Pokemon, except any Pecharunt ex, with your Active Pokemon. If you do, the new Active Pokemon is now Poisoned. You can't use more than 1 Subjugating Chains Ability each turn.",5.98,7.67,999.0,7.1,9.89,Holofoil,,085/064,Ultra Rare,Darkness,190,Basic,[DD] Irritated Outburst (60x)<br> This attack does 60 damage for each Prize card your opponent has taken.,Fx2,1,,
560397,Cassiopeia - 086/064,Cassiopeia,https://tcgplayer-cdn.tcgplayer.com/product/560397_200w.jpg,3,23529,https://cpt.tcgcsv.com/Z9v6,2026-03-12T11:46:15.357,1,"You can use this card only when it is the last card in your hand.<br>
<br>
Search your deck for up to 2 cards and put them into your hand. Then, shuffle your deck.",2.25,3.94,999.0,3.59,5.0,Holofoil,,086/064,Ultra Rare,Trainer - Supporter,,,,,,,
560398,Colress's Tenacity - 087/064,Colress,https://tcgplayer-cdn.tcgplayer.com/product/560398_200w.jpg,3,23529,https://cpt.tcgcsv.com/-9v6,2025-03-12T15:13:47.847,1,"Search your deck for a Stadium card and an Energy card, reveal them, and put them into your hand. Then, shuffle your deck.",4.0,6.0,999.0,5.96,,Holofoil,,087/064,Ultra Rare,Trainer - Supporter,,,,,,,
560399,Janine's Secret Art - 088/064,Janine,https://tcgplayer-cdn.tcgplayer.com/product/560399_200w.jpg,3,23529,https://cpt.tcgcsv.com/_9v6,2025-03-03T19:52:19.623,1,"Choose up to 2 of your Darkness Pokemon. For each of those Pokemon, search your deck for a Basic Darkness Energy card and attach it to that Pokemon. Then, shuffle your deck. If you attached Energy to your Active Pokemon in this way, it is now Poisoned.",3.0,6.73,999.0,6.39,7.35,Holofoil,,088/064,Ultra Rare,Trainer - Supporter,,,,,,,
560400,Xerosic's Machinations - 089/064,Xerosic,https://tcgplayer-cdn.tcgplayer.com/product/560400_200w.jpg,3,23529,https://cpt.tcgcsv.com/0bv6,2025-03-03T19:52:19.687,1,Your opponent discards cards from their hand until they have 3 cards in their hand.,12.2,15.44,999.0,13.28,19.95,Holofoil,,089/064,Ultra Rare,Trainer - Supporter,,,,,,,
560401,Okidogi ex - 090/064,Okidogi,https://tcgplayer-cdn.tcgplayer.com/product/560401_200w.jpg,3,23529,https://cpt.tcgcsv.com/2bv6,2026-02-16T12:31:44.977,1,,17.0,22.63,4321.0,20.51,27.89,Holofoil,,090/064,Special Illustration Rare,Darkness,250,Basic,"[C] Poisonous Musculature<br> Search your deck for up to 2 Basic Darkness Energy cards and attach them to this Pokemon. Then, shuffle your deck. If you attached Energy to a Pokemon in this way, this Pokemon is now Poisoned.",Fx2,3,"[DDC] Chain-Crazed (130+)<br> If this Pokemon is Poisoned, this attack does 130 more damage.",
560402,Munkidori ex - 091/064,Munkidori,https://tcgplayer-cdn.tcgplayer.com/product/560402_200w.jpg,3,23529,https://cpt.tcgcsv.com/3bv6,2025-03-03T19:52:19.827,1,"<strong>Ability: Oh No You Don't</strong> If this Pokemon is Knocked Out by damage from an attack from your opponent's Pokemon, and if you have any Pecharunt ex in play, your opponent takes 1 fewer Prize card.",14.26,18.49,999.0,15.46,18.49,Holofoil,,091/064,Special Illustration Rare,Darkness,210,Basic,"[DDC] Dirty Headbutt (190)<br> During your next turn, this Pokemon can't use Dirty Headbutt.",Fx2,1,,
560403,Fezandipiti ex - 092/064,Fezandipiti,https://tcgplayer-cdn.tcgplayer.com/product/560403_200w.jpg,3,23529,https://cpt.tcgcsv.com/5bv6,2026-02-16T12:25:29.673,1,"<strong>Ability: Flip the Script</strong> Once during your turn, if any of your Pokemon were Knocked Out during your opponent's last turn, you may draw 3 cards. You can't use more than 1 Flip the Script Ability each turn.",42.0,50.12,999.0,46.51,56.36,Holofoil,,092/064,Special Illustration Rare,Darkness,210,Basic,[CCC] Cruel Arrow<br> This attack does 100 damage to 1 of your opponent's Pokemon. ''(Don't apply Weakness and Resistance for Benched Pokemon.)'',Fx2,1,,
560404,Pecharunt ex - 093/064,Pecharunt,https://tcgplayer-cdn.tcgplayer.com/product/560404_200w.jpg,3,23529,https://cpt.tcgcsv.com/6bv6,2025-03-03T19:52:19.947,1,"<strong>Ability: Subjugating Chains</strong> Once during your turn, you may switch 1 of your Benched Darkness Pokemon, except any Pecharunt ex, with your Active Pokemon. If you do, the new Active Pokemon is now Poisoned. You can't use more than 1 Subjugating Chains Ability each turn.",21.5,27.88,999.0,24.23,39.99,Holofoil,,093/064,Special Illustration Rare,Darkness,190,Basic,[DD] Irritated Outburst (60x)<br> This attack does 60 damage for each Prize card your opponent has taken.,Fx2,1,,
560405,Cassiopeia - 094/064,Cassiopeia,https://tcgplayer-cdn.tcgplayer.com/product/560405_200w.jpg,3,23529,https://cpt.tcgcsv.com/7bv6,2026-02-02T23:47:08.793,1,"You can use this card only when it is the last card in your hand.<br>
<br>
Search your deck for up to 2 cards and put them into your hand. Then, shuffle your deck.",36.0,44.19,999.0,39.46,47.81,Holofoil,,094/064,Special Illustration Rare,Trainer - Supporter,,,,,,,
560406,Pecharunt ex - 095/064,Pecharunt,https://tcgplayer-cdn.tcgplayer.com/product/560406_200w.jpg,3,23529,https://cpt.tcgcsv.com/8bv6,2026-01-12T14:37:17.297,1,"<strong>Ability: Subjugating Chains</strong> Once during your turn, you may switch 1 of your Benched Darkness Pokemon, except any Pecharunt ex, with your Active Pokemon. If you do, the new Active Pokemon is now Poisoned. You can't use more than 1 Subjugating Chains Ability each turn.",18.0,21.0,999.0,19.62,36.98,Holofoil,,095/064,Hyper Rare,Darkness,,Basic,[DD] Irritated Outburst (60x)<br> This attack does 60 damage for each Prize card your opponent has taken.,Fx2,1,,
560407,Earthen Vessel,None,https://tcgplayer-cdn.tcgplayer.com/product/560407_200w.jpg,3,23529,https://cpt.tcgcsv.com/9bv6,2025-03-03T19:52:20.113,1,"You can use this card only if you discard another card from your hand.<br>
<br>
Search your deck for up to 2 Basic Energy cards, reveal them, and put them into your hand. Then, shuffle your deck.",17.0,26.99,999.0,19.73,26.72,Holofoil,,096/064,Hyper Rare,Trainer - Item,,,,,,,
560408,Powerglass - 097/064,None,https://tcgplayer-cdn.tcgplayer.com/product/560408_200w.jpg,3,23529,https://cpt.tcgcsv.com/bbv6,2025-03-03T19:52:20.177,1,"At the end of your turn ''(after your attack)'', if the Pokemon this card is attached to is in the Active Spot, you may attach a Basic Energy card from your discard pile to it.",19.55,23.25,999.0,21.89,444.4,Holofoil,,097/064,Hyper Rare,Trainer - Pokemon Tool,,,,,,,
560409,Basic Darkness Energy,None,https://tcgplayer-cdn.tcgplayer.com/product/560409_200w.jpg,3,23529,https://cpt.tcgcsv.com/cbv6,2026-01-15T01:27:53.87,1,,63.0,74.99,999.0,65.31,70.16,Holofoil,,098/064,Hyper Rare,Basic Darkness Energy,,,,,,,
560410,Basic Metal Energy,None,https://tcgplayer-cdn.tcgplayer.com/product/560410_200w.jpg,3,23529,https://cpt.tcgcsv.com/dbv6,2025-03-05T14:22:54.25,1,,28.99,32.6,999.0,29.32,39.88,Holofoil,,099/064,Hyper Rare,Basic Metal Energy,,,,,,,
562152,Basic Lightning Energy,None,https://tcgplayer-cdn.tcgplayer.com/product/562152_200w.jpg,3,23529,https://cpt.tcgcsv.com/3Tv6,2025-11-24T18:07:05.877,1,,0.09,0.3,999.0,0.31,0.25,Reverse Holofoil,,4,Common,Basic Energy,,,,,,,
562154,Basic Darkness Energy (Reverse Holofoil),None,https://tcgplayer-cdn.tcgplayer.com/product/562154_200w.jpg,3,23529,https://cpt.tcgcsv.com/6Tv6,2026-03-11T12:16:24.583,1,,0.2,0.4,999.0,0.36,,Reverse Holofoil,,7,Common,Basic Energy,,,,,,,
562155,Basic Grass Energy,None,https://tcgplayer-cdn.tcgplayer.com/product/562155_200w.jpg,3,23529,https://cpt.tcgcsv.com/7Tv6,2026-02-17T12:03:56.037,1,,0.09,0.3,999.0,0.29,0.3,Reverse Holofoil,,1,Common,Basic Energy,,,,,,,
562157,Basic Psychic Energy,None,https://tcgplayer-cdn.tcgplayer.com/product/562157_200w.jpg,3,23529,https://cpt.tcgcsv.com/9Tv6,2026-01-15T18:17:40.07,1,,0.11,0.36,999.0,0.37,0.29,Reverse Holofoil,,5,Common,Basic Energy,,,,,,,
562158,Basic Fighting Energy,None,https://tcgplayer-cdn.tcgplayer.com/product/562158_200w.jpg,3,23529,https://cpt.tcgcsv.com/bTv6,2026-01-15T15:38:16.607,1,,0.03,0.28,999.0,0.27,0.27,Reverse Holofoil,,6,Common,Basic Energy,,,,,,,
562159,Basic Metal Energy (Reverse Holofoil),None,https://tcgplayer-cdn.tcgplayer.com/product/562159_200w.jpg,3,23529,https://cpt.tcgcsv.com/cTv6,2026-01-15T16:15:30.723,1,,0.09,0.31,999.0,0.31,0.27,Reverse Holofoil,,8,Common,Basic Energy,,,,,,,
562160,Basic Fire Energy,None,https://tcgplayer-cdn.tcgplayer.com/product/562160_200w.jpg,3,23529,https://cpt.tcgcsv.com/dTv6,2026-01-15T15:44:26.11,1,,0.1,0.33,999.0,0.32,0.32,Reverse Holofoil,,2,Common,Basic Energy,,,,,,,
562361,Code Card - Shrouded Fable Booster Pack,None,https://tcgplayer-cdn.tcgplayer.com/product/562361_200w.jpg,3,23529,https://cpt.tcgcsv.com/fZv6,2025-03-06T13:49:01.533,1,"This listing is <strong>not</strong> a physical item. Please keep in mind that this <strong>Code Card</strong> listing represents a digital copy of the stated item for the Pokémon TCG Online <strong>and/or</strong> the Pokémon TCG Live games. You may receive the physical <strong>Code Card</strong>. Upon purchase, please work with your specific Seller by sending them a message using the <strong>Contact Seller</strong> button on the order details in your <a href=https://store.tcgplayer.com/myaccount/orderhistory>Order History</a> to opt in to having your <strong>Code Card</strong> code delivered digitally due to the nature of the product.",0.01,0.07,999.0,0.05,,Normal,,,Code Card,,,,,,,,
562362,Code Card - Shrouded Fable Greninja ex Special Illustration Collection,None,https://tcgplayer-cdn.tcgplayer.com/product/562362_200w.jpg,3,23529,https://cpt.tcgcsv.com/gZv6,2024-08-19T19:46:52.113,1,"This listing is <strong>not</strong> a physical item. Please keep in mind that this <strong>Code Card</strong> listing represents a digital copy of the stated item for the Pokémon TCG Online <strong>and/or</strong> the Pokémon TCG Live games. You may receive the physical <strong>Code Card</strong>. Upon purchase, please work with your specific Seller by sending them a message using the <strong>Contact Seller</strong> button on the order details in your <a href=https://store.tcgplayer.com/myaccount/orderhistory>Order History</a> to opt in to having your <strong>Code Card</strong> code delivered digitally due to the nature of the product.",0.05,0.2,999.0,0.1,,Normal,,,Code Card,,,,,,,,
562363,Code Card - Shrouded Fable Kingdra ex Special Illustration Collection,None,https://tcgplayer-cdn.tcgplayer.com/product/562363_200w.jpg,3,23529,https://cpt.tcgcsv.com/hZv6,2024-08-19T19:47:03.403,1,"This listing is <strong>not</strong> a physical item. Please keep in mind that this <strong>Code Card</strong> listing represents a digital copy of the stated item for the Pokémon TCG Online <strong>and/or</strong> the Pokémon TCG Live games. You may receive the physical <strong>Code Card</strong>. Upon purchase, please work with your specific Seller by sending them a message using the <strong>Contact Seller</strong> button on the order details in your <a href=https://store.tcgplayer.com/myaccount/orderhistory>Order History</a> to opt in to having your <strong>Code Card</strong> code delivered digitally due to the nature of the product.",0.04,0.15,999.0,0.11,,Normal,,,Code Card,,,,,,,,
562364,Code Card - Shrouded Fable Kingambit Illustration Collection,None,https://tcgplayer-cdn.tcgplayer.com/product/562364_200w.jpg,3,23529,https://cpt.tcgcsv.com/jZv6,2024-08-19T19:47:18.663,1,"This listing is <strong>not</strong> a physical item. Please keep in mind that this <strong>Code Card</strong> listing represents a digital copy of the stated item for the Pokémon TCG Online <strong>and/or</strong> the Pokémon TCG Live games. You may receive the physical <strong>Code Card</strong>. Upon purchase, please work with your specific Seller by sending them a message using the <strong>Contact Seller</strong> button on the order details in your <a href=https://store.tcgplayer.com/myaccount/orderhistory>Order History</a> to opt in to having your <strong>Code Card</strong> code delivered digitally due to the nature of the product.",0.04,0.12,999.0,0.1,,Normal,,,Code Card,,,,,,,,
563014,Basic Water Energy,None,https://tcgplayer-cdn.tcgplayer.com/product/563014_200w.jpg,3,23529,https://cpt.tcgcsv.com/jdw6,2026-01-15T18:26:32.713,1,,0.1,0.3,999.0,0.3,0.29,Reverse Holofoil,,3,Common,Basic Energy,,,,,,,
563844,Code Card - Shrouded Fable 3 Pack Blister [Pecharunt],None,https://tcgplayer-cdn.tcgplayer.com/product/563844_200w.jpg,3,23529,https://cpt.tcgcsv.com/Vxw6,2024-08-19T19:47:29.787,1,"This listing is <strong>not</strong> a physical item. Please keep in mind that this <strong>Code Card</strong> listing represents a digital copy of the stated item for the Pokémon TCG Online <strong>and/or</strong> the Pokémon TCG Live games. You may receive the physical <strong>Code Card</strong>. Upon purchase, please work with your specific Seller by sending them a message using the <strong>Contact Seller</strong> button on the order details in your <a href=https://store.tcgplayer.com/myaccount/orderhistory>Order History</a> to opt in to having your <strong>Code Card</strong> code delivered digitally due to the nature of the product.",0.04,0.08,999.0,0.07,,Normal,,,Code Card,,,,,,,,
575152,Code Card - Shrouded Fable Elite Trainer Box,None,https://tcgplayer-cdn.tcgplayer.com/product/575152_200w.jpg,3,23529,https://cpt.tcgcsv.com/35D6,2024-09-03T14:03:45.47,1,"This listing is <strong>not</strong> a physical item. Please keep in mind that this <strong>Code Card</strong> listing represents a digital copy of the stated item for the Pokémon TCG Online <strong>and/or</strong> the Pokémon TCG Live games. You may receive the physical <strong>Code Card</strong>. Upon purchase, please work with your specific Seller by sending them a message using the <strong>Contact Seller</strong> button on the order details in your <a href=https://store.tcgplayer.com/myaccount/orderhistory>Order History</a> to opt in to having your <strong>Code Card</strong> code delivered digitally due to the nature of the product.",0.01,0.1,999.0,0.1,,Normal,,,Code Card,,,,,,,,
576483,Code Card - Shrouded Fable Pokemon Center Elite Trainer Box (Exclusive),None,https://tcgplayer-cdn.tcgplayer.com/product/576483_200w.jpg,3,23529,https://cpt.tcgcsv.com/HCD6,2024-09-04T16:58:35.19,1,"This listing is <strong>not</strong> a physical item. Please keep in mind that this <strong>Code Card</strong> listing represents a digital copy of the stated item for the Pokémon TCG Online <strong>and/or</strong> the Pokémon TCG Live games. You may receive the physical <strong>Code Card</strong>. Upon purchase, please work with your specific Seller by sending them a message using the <strong>Contact Seller</strong> button on the order details in your <a href=https://store.tcgplayer.com/myaccount/orderhistory>Order History</a> to opt in to having your <strong>Code Card</strong> code delivered digitally due to the nature of the product.",0.7,1.14,999.0,1.0,,Normal,,,Code Card,,,,,,,,
618355,Shrouded Fable Booster Bundle Display,None,https://tcgplayer-cdn.tcgplayer.com/product/618355_200w.jpg,3,23529,https://cpt.tcgcsv.com/7mZ6,2025-10-02T14:48:05.177,0,"Shadowy Secrets & Toxic Tricks!
Rumors swirl and memories deceive as the march of time beats on in the land of Kitakami! Prepare for nightfall and discover a malevolent presence as Pecharunt ex commands the Loyal Three—Okidogi ex, Munkidori ex, and Fezandipiti ex—to do its nefarious bidding. Meanwhile, Revavroom ex plugs into the grid to Terastallize into a Lightning type, and Kingdra ex makes a royal splash in the Pokémon TCG: Scarlet & Violet—Shrouded Fable expansion!<br><br>

Contains 10 Booster Bundles. Each Booster Bundle contains six booster packs from Shrouded Fable.
<br>
Expand your collection with this Booster Bundle containing six booster packs from Pokémon TCG: Scarlet & Violet—Shrouded Fable!",700.0,800.0,900.0,,,Normal,,,,,,,,,,,
635485,Shrouded Fable Booster Bundle Display Case,None,https://tcgplayer-cdn.tcgplayer.com/product/635485_200w.jpg,3,23529,https://cpt.tcgcsv.com/Kc67,2025-06-03T12:14:14.693,0,"Shadowy Secrets & Toxic Tricks!
Rumors swirl and memories deceive as the march of time beats on in the land of Kitakami! Prepare for nightfall and discover a malevolent presence as Pecharunt ex commands the Loyal Three—Okidogi ex, Munkidori ex, and Fezandipiti ex—to do its nefarious bidding. Meanwhile, Revavroom ex plugs into the grid to Terastallize into a Lightning type, and Kingdra ex makes a royal splash in the Pokémon TCG: Scarlet & Violet—Shrouded Fable expansion!<br><br>
<strong> Booster Bundle Display Case contains 6 displays with 60 Booster Bundles </strong><br>

• Each Bundle includes six booster packs from the Pokémon TCG: Scarlet & Violet—Shrouded Fable expansion<br>
•Each booster pack contains 10 cards and 1 Basic Energy. Cards vary by pack.",,,,,,,,,,,,,,,,,
635736,Shrouded Fable Booster Bundle Case,None,https://tcgplayer-cdn.tcgplayer.com/product/635736_200w.jpg,3,23529,https://cpt.tcgcsv.com/Lj67,2025-06-04T12:10:20.46,0,"Shadowy Secrets & Toxic Tricks!
Rumors swirl and memories deceive as the march of time beats on in the land of Kitakami! Prepare for nightfall and discover a malevolent presence as Pecharunt ex commands the Loyal Three—Okidogi ex, Munkidori ex, and Fezandipiti ex—to do its nefarious bidding. Meanwhile, Revavroom ex plugs into the grid to Terastallize into a Lightning type, and Kingdra ex makes a royal splash in the Pokémon TCG: Scarlet & Violet—Shrouded Fable expansion!<br><br>
<strong> Booster Bundle Case contains 20 Booster Bundles </strong><br>

• Each Bundle includes six booster packs from the Pokémon TCG: Scarlet & Violet—Shrouded Fable expansion<br>
•Each booster pack contains 10 cards and 1 Basic Energy. Cards vary by pack.",1149.99,1249.95,1480.0,,,Normal,,,,,,,,,,,
665643,Shrouded Fable 3 Pack Blister Case,None,https://tcgplayer-cdn.tcgplayer.com/product/665643_200w.jpg,3,23529,https://cpt.tcgcsv.com/Tgl7,2025-11-26T20:43:17.9,0,"Give Your Collection a Boost!
<br>Get in on the latest Pokémon TCG action with three awesome booster packs from the new Scarlet & Violet—Shrouded Fable expansion, a special foil promo
card, and a code card for Pokémon TCG Live!
<br><br>

This set includes:
<br>• 1 foil promo card featuring Pecharunt
<br>• 3 Pokémon TCG: Scarlet & Violet—Shrouded Fable booster packs
<br>• A code card for Pokémon TCG Live",,,,,,,,,,,,,,,,,
