sale_date,title,price,platform,card,set_name,variant,grade,grading_company,keep,notes,grade_pop,total_pop
4/13/26,m_rayquaza_ex_ancient_origins_full_art_psa_10,7756.0,eBay,M Rayquaza EX,Ancient Origins,full_art,10.0,PSA,yes,,786.0,4920.0
4/12/26,m_rayquaza_ex_ancient_origins_full_art_psa_10,7699.0,eBay,M Rayquaza EX,Ancient Origins,full_art,10.0,PSA,yes,,,
4/5/26,m_rayquaza_ex_ancient_origins_full_art_psa_10,7050.0,eBay,M Rayquaza EX,Ancient Origins,full_art,10.0,PSA,yes,,,
3/30/26,m_rayquaza_ex_ancient_origins_full_art_psa_10,6999.0,eBay,M Rayquaza EX,Ancient Origins,full_art,10.0,PSA,yes,,,
3/30/26,m_rayquaza_ex_ancient_origins_full_art_psa_10,6100.0,eBay,M Rayquaza EX,Ancient Origins,full_art,10.0,PSA,yes,,,
3/30/26,m_rayquaza_ex_ancient_origins_full_art_psa_10,5900.0,eBay,M Rayquaza EX,Ancient Origins,full_art,10.0,PSA,yes,,,
3/29/26,m_rayquaza_ex_ancient_origins_full_art_psa_10,6200.0,eBay,M Rayquaza EX,Ancient Origins,full_art,10.0,PSA,yes,,,
3/28/26,m_rayquaza_ex_ancient_origins_full_art_psa_10,5000.0,eBay,M Rayquaza EX,Ancient Origins,full_art,10.0,PSA,yes,,,
3/26/26,m_rayquaza_ex_ancient_origins_full_art_psa_10,6000.0,eBay,M Rayquaza EX,Ancient Origins,full_art,10.0,PSA,yes,,,
3/24/26,m_rayquaza_ex_ancient_origins_full_art_psa_10,6200.0,eBay,M Rayquaza EX,Ancient Origins,full_art,10.0,PSA,yes,,,
3/24/26,m_rayquaza_ex_ancient_origins_full_art_psa_10,6200.0,eBay,M Rayquaza EX,Ancient Origins,full_art,10.0,PSA,yes,,,
3/24/26,m_rayquaza_ex_ancient_origins_full_art_psa_10,6100.0,eBay,M Rayquaza EX,Ancient Origins,full_art,10.0,PSA,yes,,,
3/20/26,m_rayquaza_ex_ancient_origins_full_art_psa_10,6199.99,eBay,M Rayquaza EX,Ancient Origins,full_art,10.0,PSA,yes,,,
3/7/26,m_rayquaza_ex_ancient_origins_full_art_psa_10,6000.0,eBay,M Rayquaza EX,Ancient Origins,full_art,10.0,PSA,yes,,,
3/5/26,m_rayquaza_ex_ancient_origins_full_art_psa_10,5700.0,eBay,M Rayquaza EX,Ancient Origins,full_art,10.0,PSA,yes,,,
2/23/26,m_rayquaza_ex_ancient_origins_full_art_psa_10,5650.0,eBay,M Rayquaza EX,Ancient Origins,full_art,10.0,PSA,yes,,,
2/23/26,m_rayquaza_ex_ancient_origins_full_art_psa_10,5200.0,eBay,M Rayquaza EX,Ancient Origins,full_art,10.0,PSA,yes,4SC ELITE wording; verify title,,
2/23/26,m_rayquaza_ex_ancient_origins_full_art_psa_10,4900.0,eBay,M Rayquaza EX,Ancient Origins,full_art,10.0,PSA,yes,,,
2/22/26,m_rayquaza_ex_ancient_origins_full_art_psa_10,5000.0,eBay,M Rayquaza EX,Ancient Origins,full_art,10.0,PSA,yes,,,
2/19/26,m_rayquaza_ex_ancient_origins_full_art_psa_10,5000.0,eBay,M Rayquaza EX,Ancient Origins,full_art,10.0,PSA,yes,,,
2/15/26,m_rayquaza_ex_ancient_origins_full_art_psa_10,5575.0,eBay,M Rayquaza EX,Ancient Origins,full_art,10.0,PSA,yes,,,
2/14/26,m_rayquaza_ex_ancient_origins_full_art_psa_10,5400.0,eBay,M Rayquaza EX,Ancient Origins,full_art,10.0,PSA,yes,,,
2/9/26,m_rayquaza_ex_ancient_origins_full_art_psa_10,5600.0,eBay,M Rayquaza EX,Ancient Origins,full_art,10.0,PSA,yes,,,
1/31/26,m_rayquaza_ex_ancient_origins_full_art_psa_10,6250.0,eBay,M Rayquaza EX,Ancient Origins,full_art,10.0,PSA,yes,,,
1/29/26,m_rayquaza_ex_ancient_origins_full_art_psa_10,5999.99,eBay,M Rayquaza EX,Ancient Origins,full_art,10.0,PSA,yes,,,
1/26/26,m_rayquaza_ex_ancient_origins_full_art_psa_10,5699.99,eBay,M Rayquaza EX,Ancient Origins,full_art,10.0,PSA,yes,,,
1/26/26,m_rayquaza_ex_ancient_origins_full_art_psa_10,5650.0,eBay,M Rayquaza EX,Ancient Origins,full_art,10.0,PSA,yes,,,
1/23/26,m_rayquaza_ex_ancient_origins_full_art_psa_10,5750.0,eBay,M Rayquaza EX,Ancient Origins,full_art,10.0,PSA,yes,,,
1/21/26,m_rayquaza_ex_ancient_origins_full_art_psa_10,5000.0,eBay,M Rayquaza EX,Ancient Origins,full_art,10.0,PSA,yes,Title typo: 'ACIENT'; verify listing,,
4/10/26,m_rayquaza_ex_ancient_origins_full_art_psa_9,1900.0,eBay,M Rayquaza EX,Ancient Origins,full_art,9.0,PSA,yes,,1079.0,4920.0
4/2/26,m_rayquaza_ex_ancient_origins_full_art_psa_9,1925.0,eBay,M Rayquaza EX,Ancient Origins,full_art,9.0,PSA,yes,,,
3/31/26,m_rayquaza_ex_ancient_origins_full_art_psa_9,1650.0,eBay,M Rayquaza EX,Ancient Origins,full_art,9.0,PSA,yes,,,
3/27/26,m_rayquaza_ex_ancient_origins_full_art_psa_9,1899.0,eBay,M Rayquaza EX,Ancient Origins,full_art,9.0,PSA,yes,,,
3/26/26,m_rayquaza_ex_ancient_origins_full_art_psa_9,1949.99,eBay,M Rayquaza EX,Ancient Origins,full_art,9.0,PSA,yes,,,
3/25/26,m_rayquaza_ex_ancient_origins_full_art_psa_9,1625.0,eBay,M Rayquaza EX,Ancient Origins,full_art,9.0,PSA,yes,,,
3/23/26,m_rayquaza_ex_ancient_origins_full_art_psa_9,1575.0,eBay,M Rayquaza EX,Ancient Origins,full_art,9.0,PSA,yes,,,
3/13/26,m_rayquaza_ex_ancient_origins_full_art_psa_9,1650.0,eBay,M Rayquaza EX,Ancient Origins,full_art,9.0,PSA,yes,Title says Ultra Rare; verify exact variant,,
3/9/26,m_rayquaza_ex_ancient_origins_full_art_psa_9,1685.0,eBay,M Rayquaza EX,Ancient Origins,full_art,9.0,PSA,yes,,,
3/7/26,m_rayquaza_ex_ancient_origins_full_art_psa_9,1799.99,eBay,M Rayquaza EX,Ancient Origins,full_art,9.0,PSA,yes,,,
3/5/26,m_rayquaza_ex_ancient_origins_full_art_psa_9,1600.0,eBay,M Rayquaza EX,Ancient Origins,full_art,9.0,PSA,yes,,,
3/4/26,m_rayquaza_ex_ancient_origins_full_art_psa_9,1625.0,eBay,M Rayquaza EX,Ancient Origins,full_art,9.0,PSA,yes,,,
2/21/26,m_rayquaza_ex_ancient_origins_full_art_psa_9,1575.0,eBay,M Rayquaza EX,Ancient Origins,full_art,9.0,PSA,yes,,,
2/19/26,m_rayquaza_ex_ancient_origins_full_art_psa_9,1500.0,eBay,M Rayquaza EX,Ancient Origins,full_art,9.0,PSA,yes,,,
2/17/26,m_rayquaza_ex_ancient_origins_full_art_psa_9,1949.99,eBay,M Rayquaza EX,Ancient Origins,full_art,9.0,PSA,yes,,,
2/15/26,m_rayquaza_ex_ancient_origins_full_art_psa_9,1650.25,eBay,M Rayquaza EX,Ancient Origins,full_art,9.0,PSA,yes,,,
2/10/26,m_rayquaza_ex_ancient_origins_full_art_psa_9,1653.88,eBay,M Rayquaza EX,Ancient Origins,full_art,9.0,PSA,yes,,,
2/2/26,m_rayquaza_ex_ancient_origins_unknown_psa_9,1500.0,eBay,M Rayquaza EX,Ancient Origins,full_art,9.0,PSA,yes,Title says Secret Rare Gold; verify exact variant,,
1/24/26,m_rayquaza_ex_ancient_origins_full_art_psa_9,1475.0,eBay,M Rayquaza EX,Ancient Origins,full_art,9.0,PSA,yes,,,
1/23/26,m_rayquaza_ex_ancient_origins_full_art_psa_9,1504.0,eBay,M Rayquaza EX,Ancient Origins,full_art,9.0,PSA,yes,,,
1/20/26,m_rayquaza_ex_ancient_origins_full_art_psa_9,1675.0,eBay,M Rayquaza EX,Ancient Origins,full_art,9.0,PSA,yes,,,
1/20/26,m_rayquaza_ex_ancient_origins_full_art_psa_9,1500.0,eBay,M Rayquaza EX,Ancient Origins,full_art,9.0,PSA,yes,,,
1/18/26,m_rayquaza_ex_ancient_origins_full_art_psa_9,1693.0,eBay,M Rayquaza EX,Ancient Origins,full_art,9.0,PSA,yes,,,
1/16/26,m_rayquaza_ex_ancient_origins_full_art_psa_9,1550.0,eBay,M Rayquaza EX,Ancient Origins,full_art,9.0,PSA,yes,Repeated set name in title; verify listing,,
1/16/26,m_rayquaza_ex_ancient_origins_full_art_psa_9,1550.0,eBay,M Rayquaza EX,Ancient Origins,full_art,9.0,PSA,yes,,,
1/16/26,m_rayquaza_ex_ancient_origins_full_art_psa_9,1525.0,eBay,M Rayquaza EX,Ancient Origins,full_art,9.0,PSA,yes,,,
1/12/26,m_rayquaza_ex_ancient_origins_full_art_psa_9,1575.0,eBay,M Rayquaza EX,Ancient Origins,full_art,9.0,PSA,yes,Includes graded guard/accessory,,
4/12/26,m_rayquaza_ex_ancient_origins_full_art_psa_8,1046.99,eBay,M Rayquaza EX,Ancient Origins,full_art,8.0,PSA,yes,,876.0,4920.0
4/2/26,m_rayquaza_ex_ancient_origins_full_art_psa_8,900.0,eBay,M Rayquaza EX,Ancient Origins,full_art,8.0,PSA,yes,,,
3/29/26,m_rayquaza_ex_ancient_origins_full_art_psa_8,1000.0,eBay,M Rayquaza EX,Ancient Origins,full_art,8.0,PSA,yes,,,
3/29/26,m_rayquaza_ex_ancient_origins_full_art_psa_8,1000.0,eBay,M Rayquaza EX,Ancient Origins,full_art,8.0,PSA,yes,,,
3/28/26,m_rayquaza_ex_ancient_origins_full_art_psa_8,875.0,eBay,M Rayquaza EX,Ancient Origins,full_art,8.0,PSA,yes,,,
3/12/26,m_rayquaza_ex_ancient_origins_full_art_psa_8,895.0,eBay,M Rayquaza EX,Ancient Origins,full_art,8.0,PSA,yes,,,
3/9/26,m_rayquaza_ex_ancient_origins_full_art_psa_8,900.0,eBay,M Rayquaza EX,Ancient Origins,full_art,8.0,PSA,yes,,,
3/3/26,m_rayquaza_ex_ancient_origins_full_art_psa_8,800.0,eBay,M Rayquaza EX,Ancient Origins,full_art,8.0,PSA,yes,,,
3/3/26,m_rayquaza_ex_ancient_origins_full_art_psa_8,780.0,eBay,M Rayquaza EX,Ancient Origins,full_art,8.0,PSA,yes,,,
2/16/26,m_rayquaza_ex_ancient_origins_full_art_psa_8,969.69,eBay,M Rayquaza EX,Ancient Origins,full_art,8.0,PSA,yes,,,
2/15/26,m_rayquaza_ex_ancient_origins_full_art_psa_8,1080.0,eBay,M Rayquaza EX,Ancient Origins,full_art,8.0,PSA,yes,,,
2/15/26,m_rayquaza_ex_ancient_origins_full_art_psa_8,950.0,eBay,M Rayquaza EX,Ancient Origins,full_art,8.0,PSA,yes,,,
2/10/26,m_rayquaza_ex_ancient_origins_full_art_psa_8,910.0,eBay,M Rayquaza EX,Ancient Origins,full_art,8.0,PSA,yes,Error label mentioned,,
2/8/26,m_rayquaza_ex_ancient_origins_full_art_psa_8,950.0,eBay,M Rayquaza EX,Ancient Origins,full_art,8.0,PSA,yes,,,
2/1/26,m_rayquaza_ex_ancient_origins_full_art_psa_8,950.0,eBay,M Rayquaza EX,Ancient Origins,full_art,8.0,PSA,yes,,,
1/30/26,m_rayquaza_ex_ancient_origins_full_art_psa_8,1000.0,eBay,M Rayquaza EX,Ancient Origins,full_art,8.0,PSA,yes,,,
1/19/26,m_rayquaza_ex_ancient_origins_full_art_psa_8,915.0,eBay,M Rayquaza EX,Ancient Origins,full_art,8.0,PSA,yes,,,
1/11/26,m_rayquaza_ex_ancient_origins_full_art_psa_8,1270.52,eBay,M Rayquaza EX,Ancient Origins,full_art,8.0,PSA,yes,,,
1/11/26,m_rayquaza_ex_ancient_origins_full_art_psa_8,950.0,eBay,M Rayquaza EX,Ancient Origins,full_art,8.0,PSA,yes,,,
1/5/26,m_rayquaza_ex_ancient_origins_full_art_psa_8,786.43,eBay,M Rayquaza EX,Ancient Origins,full_art,8.0,PSA,yes,,,
4/12/26,m_rayquaza_ex_ancient_origins_full_art_psa_7,740.55,eBay,M Rayquaza EX,Ancient Origins,full_art,7.0,PSA,yes,,838.0,4920.0
4/5/26,m_rayquaza_ex_ancient_origins_full_art_psa_7,700.0,eBay,M Rayquaza EX,Ancient Origins,full_art,7.0,PSA,yes,,,
3/25/26,m_rayquaza_ex_ancient_origins_full_art_psa_7,749.99,eBay,M Rayquaza EX,Ancient Origins,full_art,7.0,PSA,yes,,,
3/23/26,m_rayquaza_ex_ancient_origins_full_art_psa_7,675.0,eBay,M Rayquaza EX,Ancient Origins,full_art,7.0,PSA,yes,,,
3/12/26,m_rayquaza_ex_ancient_origins_full_art_psa_7,749.99,eBay,M Rayquaza EX,Ancient Origins,full_art,7.0,PSA,yes,,,
3/9/26,m_rayquaza_ex_ancient_origins_full_art_psa_7,560.0,eBay,M Rayquaza EX,Ancient Origins,full_art,7.0,PSA,yes,,,
3/5/26,m_rayquaza_ex_ancient_origins_full_art_psa_7,650.0,eBay,M Rayquaza EX,Ancient Origins,full_art,7.0,PSA,yes,,,
3/4/26,m_rayquaza_ex_ancient_origins_full_art_psa_7,640.0,eBay,M Rayquaza EX,Ancient Origins,full_art,7.0,PSA,yes,,,
2/26/26,m_rayquaza_ex_ancient_origins_full_art_psa_7,640.0,eBay,M Rayquaza EX,Ancient Origins,full_art,7.0,PSA,yes,,,
2/22/26,m_rayquaza_ex_ancient_origins_full_art_psa_7,485.0,eBay,M Rayquaza EX,Ancient Origins,full_art,7.0,PSA,yes,,,
2/17/26,m_rayquaza_ex_ancient_origins_full_art_psa_7,625.0,eBay,M Rayquaza EX,Ancient Origins,full_art,7.0,PSA,yes,,,
2/14/26,m_rayquaza_ex_ancient_origins_full_art_psa_7,700.0,eBay,M Rayquaza EX,Ancient Origins,full_art,7.0,PSA,yes,,,
2/9/26,m_rayquaza_ex_ancient_origins_full_art_psa_7,659.99,eBay,M Rayquaza EX,Ancient Origins,full_art,7.0,PSA,yes,,,
2/7/26,m_rayquaza_ex_ancient_origins_full_art_psa_7,640.0,eBay,M Rayquaza EX,Ancient Origins,full_art,7.0,PSA,yes,,,
2/4/26,m_rayquaza_ex_ancient_origins_full_art_psa_7,636.0,eBay,M Rayquaza EX,Ancient Origins,full_art,7.0,PSA,yes,,,
1/24/26,m_rayquaza_ex_ancient_origins_full_art_psa_7,650.0,eBay,M Rayquaza EX,Ancient Origins,full_art,7.0,PSA,yes,,,
1/15/26,m_rayquaza_ex_ancient_origins_full_art_psa_7,660.0,eBay,M Rayquaza EX,Ancient Origins,full_art,7.0,PSA,yes,,,
1/5/26,m_rayquaza_ex_ancient_origins_full_art_psa_7,717.77,eBay,M Rayquaza EX,Ancient Origins,full_art,7.0,PSA,yes,,,
1/2/26,m_rayquaza_ex_ancient_origins_full_art_psa_7,739.0,eBay,M Rayquaza EX,Ancient Origins,full_art,7.0,PSA,yes,,,
3/29/26,m_rayquaza_ex_ancient_origins_full_art_psa_6,382.91,eBay,M Rayquaza EX,Ancient Origins,full_art,6.0,PSA,yes,,627.0,4920.0
3/27/26,m_rayquaza_ex_ancient_origins_full_art_psa_6,650.0,eBay,M Rayquaza EX,Ancient Origins,full_art,6.0,PSA,yes,,,
3/23/26,m_rayquaza_ex_ancient_origins_full_art_psa_6,600.0,eBay,M Rayquaza EX,Ancient Origins,full_art,6.0,PSA,yes,,,
3/15/26,m_rayquaza_ex_ancient_origins_full_art_psa_6,422.8,eBay,M Rayquaza EX,Ancient Origins,full_art,6.0,PSA,yes,,,
2/26/26,m_rayquaza_ex_ancient_origins_full_art_psa_6,525.0,eBay,M Rayquaza EX,Ancient Origins,full_art,6.0,PSA,yes,,,
2/19/26,m_rayquaza_ex_ancient_origins_full_art_psa_6,610.0,eBay,M Rayquaza EX,Ancient Origins,full_art,6.0,PSA,yes,,,
2/13/26,m_rayquaza_ex_ancient_origins_full_art_psa_6,550.0,eBay,M Rayquaza EX,Ancient Origins,full_art,6.0,PSA,yes,,,
2/9/26,m_rayquaza_ex_ancient_origins_full_art_psa_6,575.07,eBay,M Rayquaza EX,Ancient Origins,full_art,6.0,PSA,yes,,,
2/8/26,m_rayquaza_ex_ancient_origins_full_art_psa_6,450.0,eBay,M Rayquaza EX,Ancient Origins,full_art,6.0,PSA,yes,,,
2/6/26,m_rayquaza_ex_ancient_origins_full_art_psa_6,550.0,eBay,M Rayquaza EX,Ancient Origins,full_art,6.0,PSA,yes,,,
1/19/26,m_rayquaza_ex_ancient_origins_full_art_psa_6,526.0,eBay,M Rayquaza EX,Ancient Origins,full_art,6.0,PSA,yes,,,
1/18/26,m_rayquaza_ex_ancient_origins_full_art_psa_6,560.0,eBay,M Rayquaza EX,Ancient Origins,full_art,6.0,PSA,yes,,,
1/18/26,m_rayquaza_ex_ancient_origins_full_art_psa_6,549.99,eBay,M Rayquaza EX,Ancient Origins,full_art,6.0,PSA,yes,,,
1/18/26,m_rayquaza_ex_ancient_origins_full_art_psa_6,295.0,eBay,M Rayquaza EX,Ancient Origins,full_art,6.0,PSA,yes,,,
1/10/26,m_rayquaza_ex_ancient_origins_full_art_psa_6,560.0,eBay,M Rayquaza EX,Ancient Origins,full_art,6.0,PSA,yes,,,
1/8/26,m_rayquaza_ex_ancient_origins_full_art_psa_6,599.99,eBay,M Rayquaza EX,Ancient Origins,full_art,6.0,PSA,yes,,,
1/4/26,m_rayquaza_ex_ancient_origins_full_art_psa_6,546.12,eBay,M Rayquaza EX,Ancient Origins,full_art,6.0,PSA,yes,,,
4/13/26,m_rayquaza_ex_ancient_origins_full_art_psa_5,400.0,eBay,M Rayquaza EX,Ancient Origins,full_art,5.0,PSA,yes,,334.0,4920.0
4/4/26,m_rayquaza_ex_ancient_origins_full_art_psa_5,365.72,eBay,M Rayquaza EX,Ancient Origins,full_art,5.0,PSA,yes,,,
4/2/26,m_rayquaza_ex_ancient_origins_full_art_psa_5,405.0,eBay,M Rayquaza EX,Ancient Origins,full_art,5.0,PSA,yes,,,
4/2/26,m_rayquaza_ex_ancient_origins_full_art_psa_5,362.99,eBay,M Rayquaza EX,Ancient Origins,full_art,5.0,PSA,yes,,,
2/19/26,m_rayquaza_ex_ancient_origins_full_art_psa_5,410.0,eBay,M Rayquaza EX,Ancient Origins,full_art,5.0,PSA,yes,Includes graded guard,,
1/12/26,m_rayquaza_ex_ancient_origins_full_art_psa_5,369.0,eBay,M Rayquaza EX,Ancient Origins,full_art,5.0,PSA,yes,,,
1/8/26,m_rayquaza_ex_ancient_origins_full_art_psa_5,1199.0,eBay,M Rayquaza EX,Ancient Origins,full_art,5.0,PSA,yes,Outlier; verify,,
1/5/26,m_rayquaza_ex_ancient_origins_full_art_psa_5,317.22,eBay,M Rayquaza EX,Ancient Origins,full_art,5.0,PSA,yes,,,
4/2/26,m_rayquaza_ex_ancient_origins_full_art_psa_4,450.0,eBay,M Rayquaza EX,Ancient Origins,full_art,4.0,PSA,yes,,147.0,4920.0
3/23/26,m_rayquaza_ex_ancient_origins_full_art_psa_4,310.0,eBay,M Rayquaza EX,Ancient Origins,full_art,4.0,PSA,yes,,,
3/11/26,m_rayquaza_ex_ancient_origins_full_art_psa_4,320.0,eBay,M Rayquaza EX,Ancient Origins,full_art,4.0,PSA,yes,,,
3/6/26,m_rayquaza_ex_ancient_origins_full_art_psa_4,499.99,eBay,M Rayquaza EX,Ancient Origins,full_art,4.0,PSA,yes,,,
1/20/26,m_rayquaza_ex_ancient_origins_full_art_psa_4,251.0,eBay,M Rayquaza EX,Ancient Origins,full_art,4.0,PSA,yes,,,
1/8/26,m_rayquaza_ex_ancient_origins_full_art_psa_4,325.0,eBay,M Rayquaza EX,Ancient Origins,full_art,4.0,PSA,yes,New cert,,
2/14/26,m_rayquaza_ex_ancient_origins_full_art_psa_2,305.0,eBay,M Rayquaza EX,Ancient Origins,full_art,2.0,PSA,yes,,45.0,4920.0
4/11/26,m_rayquaza_ex_ancient_origins_full_art_psa_1,395.0,eBay,M Rayquaza EX,Ancient Origins,full_art,1.0,PSA,yes,,121.0,4920.0
4/10/26,m_rayquaza_ex_ancient_origins_full_art_psa_1,399.0,eBay,M Rayquaza EX,Ancient Origins,full_art,1.0,PSA,yes,,,
4/5/26,m_rayquaza_ex_ancient_origins_full_art_psa_1,379.95,eBay,M Rayquaza EX,Ancient Origins,full_art,1.0,PSA,yes,,,
3/31/26,m_rayquaza_ex_ancient_origins_full_art_psa_1,325.0,eBay,M Rayquaza EX,Ancient Origins,full_art,1.0,PSA,yes,,,
3/22/26,m_rayquaza_ex_ancient_origins_full_art_psa_1,340.0,eBay,M Rayquaza EX,Ancient Origins,full_art,1.0,PSA,yes,,,
3/12/26,m_rayquaza_ex_ancient_origins_full_art_psa_1,325.0,eBay,M Rayquaza EX,Ancient Origins,full_art,1.0,PSA,yes,,,
2/26/26,m_rayquaza_ex_ancient_origins_full_art_psa_1,382.0,eBay,M Rayquaza EX,Ancient Origins,full_art,1.0,PSA,yes,,,
2/26/26,m_rayquaza_ex_ancient_origins_full_art_psa_1,247.5,eBay,M Rayquaza EX,Ancient Origins,full_art,1.0,PSA,yes,,,
2/8/26,m_rayquaza_ex_ancient_origins_full_art_psa_1,350.0,eBay,M Rayquaza EX,Ancient Origins,full_art,1.0,PSA,yes,,,
2/2/26,m_rayquaza_ex_ancient_origins_full_art_psa_1,349.95,eBay,M Rayquaza EX,Ancient Origins,full_art,1.0,PSA,yes,,,
1/15/26,m_rayquaza_ex_ancient_origins_full_art_psa_1,300.0,eBay,M Rayquaza EX,Ancient Origins,full_art,1.0,PSA,yes,,,
1/6/26,m_rayquaza_ex_ancient_origins_full_art_psa_1,405.0,eBay,M Rayquaza EX,Ancient Origins,full_art,1.0,PSA,yes,,,
4/13/26,primal_groudon_ancient_origins_full_art_97_psa_10,2998.99,eBay,Primal Groudon EX,Ancient Origins,full_art,10.0,PSA,yes,,735.0,2997.0
4/5/26,primal_groudon_ancient_origins_full_art_97_psa_10,2499.99,eBay,Primal Groudon EX,Ancient Origins,full_art,10.0,PSA,yes,,,
4/4/26,primal_groudon_ancient_origins_full_art_97_psa_10,2499.0,eBay,Primal Groudon EX,Ancient Origins,full_art,10.0,PSA,yes,,,
4/1/26,primal_groudon_ancient_origins_full_art_97_psa_10,2376.36,eBay,Primal Groudon EX,Ancient Origins,full_art,10.0,PSA,yes,,,
3/28/26,primal_groudon_ancient_origins_full_art_97_psa_10,2400.0,eBay,Primal Groudon EX,Ancient Origins,full_art,10.0,PSA,yes,,,
3/24/26,primal_groudon_ancient_origins_full_art_97_psa_10,2430.0,eBay,Primal Groudon EX,Ancient Origins,full_art,10.0,PSA,yes,,,
3/23/26,primal_groudon_ancient_origins_full_art_97_psa_10,2299.0,eBay,Primal Groudon EX,Ancient Origins,full_art,10.0,PSA,yes,,,
3/22/26,primal_groudon_ancient_origins_full_art_97_psa_10,2300.0,eBay,Primal Groudon EX,Ancient Origins,full_art,10.0,PSA,yes,,,
3/19/26,primal_groudon_ancient_origins_full_art_97_psa_10,2275.0,eBay,Primal Groudon EX,Ancient Origins,full_art,10.0,PSA,yes,,,
3/16/26,primal_groudon_ancient_origins_full_art_97_psa_10,2399.0,eBay,Primal Groudon EX,Ancient Origins,full_art,10.0,PSA,yes,,,
3/13/26,primal_groudon_ancient_origins_full_art_97_psa_10,2255.0,eBay,Primal Groudon EX,Ancient Origins,full_art,10.0,PSA,yes,,,
3/9/26,primal_groudon_ancient_origins_full_art_97_psa_10,2224.0,eBay,Primal Groudon EX,Ancient Origins,full_art,10.0,PSA,yes,,,
4/10/26,primal_groudon_ancient_origins_full_art_97_psa_9,900.0,eBay,Primal Groudon EX,Ancient Origins,full_art,9.0,PSA,yes,,749.0,2997.0
4/6/26,primal_groudon_ancient_origins_full_art_97_psa_9,750.0,eBay,Primal Groudon EX,Ancient Origins,full_art,9.0,PSA,yes,,,
3/28/26,primal_groudon_ancient_origins_full_art_97_psa_9,950.0,eBay,Primal Groudon EX,Ancient Origins,full_art,9.0,PSA,yes,,,
3/25/26,primal_groudon_ancient_origins_full_art_97_psa_9,690.0,eBay,Primal Groudon EX,Ancient Origins,full_art,9.0,PSA,yes,,,
3/16/26,primal_groudon_ancient_origins_full_art_97_psa_9,695.0,eBay,Primal Groudon EX,Ancient Origins,full_art,9.0,PSA,yes,,,
3/8/26,primal_groudon_ancient_origins_full_art_97_psa_9,439.0,eBay,Primal Groudon EX,Ancient Origins,full_art,9.0,PSA,yes,,,
3/2/26,primal_groudon_ancient_origins_full_art_97_psa_9,650.0,eBay,Primal Groudon EX,Ancient Origins,full_art,9.0,PSA,yes,,,
2/25/26,primal_groudon_ancient_origins_full_art_97_psa_9,515.0,eBay,Primal Groudon EX,Ancient Origins,full_art,9.0,PSA,yes,,,
2/24/26,primal_groudon_ancient_origins_full_art_97_psa_9,554.36,eBay,Primal Groudon EX,Ancient Origins,full_art,9.0,PSA,yes,,,
2/14/26,primal_groudon_ancient_origins_full_art_97_psa_9,610.0,eBay,Primal Groudon EX,Ancient Origins,full_art,9.0,PSA,yes,,,
3/29/26,primal_groudon_ancient_origins_full_art_97_psa_8,375.0,eBay,Primal Groudon EX,Ancient Origins,full_art,8.0,PSA,yes,,456.0,2997.0
3/17/26,primal_groudon_ancient_origins_full_art_97_psa_8,360.0,eBay,Primal Groudon EX,Ancient Origins,full_art,8.0,PSA,yes,,,
3/8/26,primal_groudon_ancient_origins_full_art_97_psa_8,355.0,eBay,Primal Groudon EX,Ancient Origins,full_art,8.0,PSA,yes,,,
2/5/26,primal_groudon_ancient_origins_full_art_97_psa_8,315.0,eBay,Primal Groudon EX,Ancient Origins,full_art,8.0,PSA,yes,,,
1/27/26,primal_groudon_ancient_origins_full_art_97_psa_8,320.0,eBay,Primal Groudon EX,Ancient Origins,full_art,8.0,PSA,yes,,,
3/31/26,primal_groudon_ancient_origins_full_art_97_psa_7,287.27,eBay,Primal Groudon EX,Ancient Origins,full_art,7.0,PSA,yes,,456.0,2997.0
3/27/26,primal_groudon_ancient_origins_full_art_97_psa_7,338.0,eBay,Primal Groudon EX,Ancient Origins,full_art,7.0,PSA,yes,,,
3/15/26,primal_groudon_ancient_origins_full_art_97_psa_7,300.0,eBay,Primal Groudon EX,Ancient Origins,full_art,7.0,PSA,yes,,,
2/20/26,primal_groudon_ancient_origins_full_art_97_psa_7,202.5,eBay,Primal Groudon EX,Ancient Origins,full_art,7.0,PSA,yes,,,
2/14/26,primal_groudon_ancient_origins_full_art_97_psa_7,273.02,eBay,Primal Groudon EX,Ancient Origins,full_art,7.0,PSA,yes,,,
1/24/26,primal_groudon_ancient_origins_full_art_97_psa_7,285.0,eBay,Primal Groudon EX,Ancient Origins,full_art,7.0,PSA,yes,,,
1/17/26,primal_groudon_ancient_origins_full_art_97_psa_7,349.99,eBay,Primal Groudon EX,Ancient Origins,full_art,7.0,PSA,yes,,,
1/12/26,primal_groudon_ancient_origins_full_art_97_psa_7,300.92,eBay,Primal Groudon EX,Ancient Origins,full_art,7.0,PSA,yes,,,
1/10/26,primal_groudon_ancient_origins_full_art_97_psa_7,374.39,eBay,Primal Groudon EX,Ancient Origins,full_art,7.0,PSA,yes,,,
1/6/26,primal_groudon_ancient_origins_full_art_97_psa_7,270.0,eBay,Primal Groudon EX,Ancient Origins,full_art,7.0,PSA,yes,,,
1/2/26,primal_groudon_ancient_origins_full_art_97_psa_7,200.0,eBay,Primal Groudon EX,Ancient Origins,full_art,7.0,PSA,yes,,,
3/26/26,primal_groudon_ancient_origins_full_art_97_psa_6.5,250.0,eBay,Primal Groudon EX,Ancient Origins,full_art,6.5,PSA,yes,No matching PSA population entry for half grade in screenshot,,2997.0
3/13/26,primal_groudon_ancient_origins_full_art_97_psa_6,315.0,eBay,Primal Groudon EX,Ancient Origins,full_art,6.0,PSA,yes,,275.0,2997.0
3/5/26,primal_groudon_ancient_origins_full_art_97_psa_6,140.0,eBay,Primal Groudon EX,Ancient Origins,full_art,6.0,PSA,yes,,,
3/2/26,primal_groudon_ancient_origins_full_art_97_psa_6,204.74,eBay,Primal Groudon EX,Ancient Origins,full_art,6.0,PSA,yes,,,
2/19/26,primal_groudon_ancient_origins_full_art_97_psa_6,140.0,eBay,Primal Groudon EX,Ancient Origins,full_art,6.0,PSA,yes,,,
2/15/26,primal_groudon_ancient_origins_full_art_97_psa_6,132.5,eBay,Primal Groudon EX,Ancient Origins,full_art,6.0,PSA,yes,,,
1/28/26,primal_groudon_ancient_origins_full_art_97_psa_6,230.0,eBay,Primal Groudon EX,Ancient Origins,full_art,6.0,PSA,yes,,,
1/19/26,primal_groudon_ancient_origins_full_art_97_psa_6,217.5,eBay,Primal Groudon EX,Ancient Origins,full_art,6.0,PSA,yes,,,
1/2/26,primal_groudon_ancient_origins_full_art_97_psa_6,152.5,eBay,Primal Groudon EX,Ancient Origins,full_art,6.0,PSA,yes,,,
4/14/26,primal_groudon_ancient_origins_full_art_97_psa_5,230.0,eBay,Primal Groudon EX,Ancient Origins,full_art,5.0,PSA,yes,,155.0,2997.0
3/31/26,primal_groudon_ancient_origins_full_art_97_psa_5,200.0,eBay,Primal Groudon EX,Ancient Origins,full_art,5.0,PSA,yes,,,
3/15/26,primal_groudon_ancient_origins_full_art_97_psa_5,200.0,eBay,Primal Groudon EX,Ancient Origins,full_art,5.0,PSA,yes,,,
3/4/26,primal_groudon_ancient_origins_full_art_97_psa_5,205.22,eBay,Primal Groudon EX,Ancient Origins,full_art,5.0,PSA,yes,,,
3/4/26,primal_groudon_ancient_origins_full_art_97_psa_5,162.5,eBay,Primal Groudon EX,Ancient Origins,full_art,5.0,PSA,yes,Verify title/serial wording,,
2/1/26,primal_groudon_ancient_origins_full_art_97_psa_5,184.49,eBay,Primal Groudon EX,Ancient Origins,full_art,5.0,PSA,yes,,,
3/20/26,primal_groudon_ancient_origins_full_art_97_psa_4,229.99,eBay,Primal Groudon EX,Ancient Origins,full_art,4.0,PSA,yes,,56.0,2997.0
2/26/26,primal_groudon_ancient_origins_full_art_97_psa_4,129.5,eBay,Primal Groudon EX,Ancient Origins,full_art,4.0,PSA,yes,,,
8/23/25,primal_groudon_ancient_origins_full_art_97_psa_3,150.0,eBay,Primal Groudon EX,Ancient Origins,full_art,3.0,PSA,yes,Older comp,29.0,2997.0
4/28/25,primal_groudon_ancient_origins_full_art_97_psa_3,32.0,eBay,Primal Groudon EX,Ancient Origins,full_art,3.0,PSA,yes,Older comp; low outlier,,
9/8/24,primal_groudon_ancient_origins_full_art_97_psa_3,31.0,eBay,Primal Groudon EX,Ancient Origins,full_art,3.0,PSA,yes,Older comp; low outlier,,
4/14/26,primal_groudon_ancient_origins_full_art_97_psa_2,137.75,eBay,Primal Groudon EX,Ancient Origins,full_art,2.0,PSA,yes,,20.0,2997.0
12/18/25,primal_groudon_ancient_origins_full_art_97_psa_2,160.0,eBay,Primal Groudon EX,Ancient Origins,full_art,2.0,PSA,yes,Older comp,,
4/11/26,primal_groudon_ancient_origins_full_art_97_psa_1,240.0,eBay,Primal Groudon EX,Ancient Origins,full_art,1.0,PSA,yes,,65.0,2997.0
4/5/26,primal_groudon_ancient_origins_full_art_97_psa_1,195.0,eBay,Primal Groudon EX,Ancient Origins,full_art,1.0,PSA,yes,,,
3/17/26,primal_groudon_ancient_origins_full_art_97_psa_1,195.0,eBay,Primal Groudon EX,Ancient Origins,full_art,1.0,PSA,yes,,,
3/12/26,primal_groudon_ancient_origins_full_art_97_psa_1,195.0,eBay,Primal Groudon EX,Ancient Origins,full_art,1.0,PSA,yes,,,
3/8/26,primal_groudon_ancient_origins_full_art_97_psa_1,180.0,eBay,Primal Groudon EX,Ancient Origins,full_art,1.0,PSA,yes,,,
2/22/26,primal_groudon_ancient_origins_full_art_97_psa_1,190.0,eBay,Primal Groudon EX,Ancient Origins,full_art,1.0,PSA,yes,,,
2/15/26,primal_groudon_ancient_origins_full_art_97_psa_1,229.99,eBay,Primal Groudon EX,Ancient Origins,full_art,1.0,PSA,yes,,,
4/8/26,primal_kyogre_ex_ancient_origins_full_art_psa_10,3240.21,eBay,Primal Kyogre EX,Ancient Origins,full_art,10.0,PSA,yes,,493.0,2783.0
4/2/26,primal_kyogre_ex_ancient_origins_full_art_psa_10,3185.95,eBay,Primal Kyogre EX,Ancient Origins,full_art,10.0,PSA,yes,,,
3/26/26,primal_kyogre_ex_ancient_origins_full_art_psa_10,2950.0,eBay,Primal Kyogre EX,Ancient Origins,full_art,10.0,PSA,yes,,,
3/23/26,primal_kyogre_ex_ancient_origins_full_art_psa_10,2900.0,eBay,Primal Kyogre EX,Ancient Origins,full_art,10.0,PSA,yes,new cert,,
3/19/26,primal_kyogre_ex_ancient_origins_full_art_psa_10,2900.0,eBay,Primal Kyogre EX,Ancient Origins,full_art,10.0,PSA,yes,new cert,,
3/15/26,primal_kyogre_ex_ancient_origins_full_art_psa_10,3050.0,eBay,Primal Kyogre EX,Ancient Origins,full_art,10.0,PSA,yes,,,
3/9/26,primal_kyogre_ex_ancient_origins_full_art_psa_10,2650.0,eBay,Primal Kyogre EX,Ancient Origins,full_art,10.0,PSA,yes,,,
3/6/26,primal_kyogre_ex_ancient_origins_full_art_psa_10,3050.0,eBay,Primal Kyogre EX,Ancient Origins,full_art,10.0,PSA,yes,,,
3/6/26,primal_kyogre_ex_ancient_origins_full_art_psa_10,2900.0,eBay,Primal Kyogre EX,Ancient Origins,full_art,10.0,PSA,yes,,,
2/24/26,primal_kyogre_ex_ancient_origins_full_art_psa_10,2800.0,eBay,Primal Kyogre EX,Ancient Origins,full_art,10.0,PSA,yes,,,
2/1/26,primal_kyogre_ex_ancient_origins_full_art_psa_10,2900.0,eBay,Primal Kyogre EX,Ancient Origins,full_art,10.0,PSA,yes,,,
1/20/26,primal_kyogre_ex_ancient_origins_full_art_psa_10,2800.0,eBay,Primal Kyogre EX,Ancient Origins,full_art,10.0,PSA,yes,,,
1/19/26,primal_kyogre_ex_ancient_origins_full_art_psa_10,2600.0,eBay,Primal Kyogre EX,Ancient Origins,full_art,10.0,PSA,yes,,,
1/16/26,primal_kyogre_ex_ancient_origins_full_art_psa_10,2599.0,eBay,Primal Kyogre EX,Ancient Origins,full_art,10.0,PSA,yes,,,
4/11/26,primal_kyogre_ex_ancient_origins_full_art_psa_9,675.0,eBay,Primal Kyogre EX,Ancient Origins,full_art,9.0,PSA,yes,,746.0,2783.0
4/5/26,primal_kyogre_ex_ancient_origins_full_art_psa_9,675.0,eBay,Primal Kyogre EX,Ancient Origins,full_art,9.0,PSA,yes,,,
3/19/26,primal_kyogre_ex_ancient_origins_full_art_psa_9,599.99,eBay,Primal Kyogre EX,Ancient Origins,full_art,9.0,PSA,yes,,,
3/16/26,primal_kyogre_ex_ancient_origins_full_art_psa_9,700.0,eBay,Primal Kyogre EX,Ancient Origins,full_art,9.0,PSA,yes,,,
3/9/26,primal_kyogre_ex_ancient_origins_full_art_psa_9,600.0,eBay,Primal Kyogre EX,Ancient Origins,full_art,9.0,PSA,yes,,,
3/9/26,primal_kyogre_ex_ancient_origins_full_art_psa_9,315.0,eBay,Primal Kyogre EX,Ancient Origins,full_art,9.0,PSA,yes,Old cert; price unusually low,,
2/25/26,primal_kyogre_ex_ancient_origins_full_art_psa_9,769.99,eBay,Primal Kyogre EX,Ancient Origins,full_art,9.0,PSA,yes,,,
2/25/26,primal_kyogre_ex_ancient_origins_full_art_psa_9,602.0,eBay,Primal Kyogre EX,Ancient Origins,full_art,9.0,PSA,yes,,,
2/22/26,primal_kyogre_ex_ancient_origins_full_art_psa_9,630.0,eBay,Primal Kyogre EX,Ancient Origins,full_art,9.0,PSA,yes,,,
2/17/26,primal_kyogre_ex_ancient_origins_full_art_psa_9,819.06,eBay,Primal Kyogre EX,Ancient Origins,full_art,9.0,PSA,yes,,,
2/16/26,primal_kyogre_ex_ancient_origins_full_art_psa_9,589.0,eBay,Primal Kyogre EX,Ancient Origins,full_art,9.0,PSA,yes,,,
2/16/26,primal_kyogre_ex_ancient_origins_full_art_psa_9,521.77,eBay,Primal Kyogre EX,Ancient Origins,full_art,9.0,PSA,yes,,,
2/15/26,primal_kyogre_ex_ancient_origins_full_art_psa_9,579.0,eBay,Primal Kyogre EX,Ancient Origins,full_art,9.0,PSA,yes,,,
1/26/26,primal_kyogre_ex_ancient_origins_full_art_psa_9,630.0,eBay,Primal Kyogre EX,Ancient Origins,full_art,9.0,PSA,yes,,,
1/25/26,primal_kyogre_ex_ancient_origins_full_art_psa_9,600.0,eBay,Primal Kyogre EX,Ancient Origins,full_art,9.0,PSA,yes,,,
1/23/26,primal_kyogre_ex_ancient_origins_full_art_psa_9,715.55,eBay,Primal Kyogre EX,Ancient Origins,full_art,9.0,PSA,yes,,,
1/9/26,primal_kyogre_ex_ancient_origins_full_art_psa_9,525.0,eBay,Primal Kyogre EX,Ancient Origins,full_art,9.0,PSA,yes,,,
1/5/26,primal_kyogre_ex_ancient_origins_full_art_psa_9,560.0,eBay,Primal Kyogre EX,Ancient Origins,full_art,9.0,PSA,yes,,,
1/3/26,primal_kyogre_ex_ancient_origins_full_art_psa_9,584.78,eBay,Primal Kyogre EX,Ancient Origins,full_art,9.0,PSA,yes,,,
1/1/26,primal_kyogre_ex_ancient_origins_full_art_psa_9,540.0,eBay,Primal Kyogre EX,Ancient Origins,full_art,9.0,PSA,yes,,,
4/9/26,primal_kyogre_ex_ancient_origins_full_art_psa_8,340.0,eBay,Primal Kyogre EX,Ancient Origins,full_art,8.0,PSA,yes,,562.0,2783.0
4/2/26,primal_kyogre_ex_ancient_origins_full_art_psa_8,300.0,eBay,Primal Kyogre EX,Ancient Origins,full_art,8.0,PSA,yes,,,
3/25/26,primal_kyogre_ex_ancient_origins_full_art_psa_8,322.99,eBay,Primal Kyogre EX,Ancient Origins,full_art,8.0,PSA,yes,,,
3/23/26,primal_kyogre_ex_ancient_origins_full_art_psa_8,480.28,eBay,Primal Kyogre EX,Ancient Origins,full_art,8.0,PSA,yes,Russian language; verify comp suitability,,
3/23/26,primal_kyogre_ex_ancient_origins_full_art_psa_8,295.0,eBay,Primal Kyogre EX,Ancient Origins,full_art,8.0,PSA,yes,,,
3/22/26,primal_kyogre_ex_ancient_origins_full_art_psa_8,329.99,eBay,Primal Kyogre EX,Ancient Origins,full_art,8.0,PSA,yes,,,
3/11/26,primal_kyogre_ex_ancient_origins_full_art_psa_8,319.99,eBay,Primal Kyogre EX,Ancient Origins,full_art,8.0,PSA,yes,,,
3/8/26,primal_kyogre_ex_ancient_origins_full_art_psa_8,335.0,eBay,Primal Kyogre EX,Ancient Origins,full_art,8.0,PSA,yes,,,
3/7/26,primal_kyogre_ex_ancient_origins_full_art_psa_8,325.0,eBay,Primal Kyogre EX,Ancient Origins,full_art,8.0,PSA,yes,,,
3/7/26,primal_kyogre_ex_ancient_origins_full_art_psa_8,320.0,eBay,Primal Kyogre EX,Ancient Origins,full_art,8.0,PSA,yes,,,
3/3/26,primal_kyogre_ex_ancient_origins_full_art_psa_8,265.13,eBay,Primal Kyogre EX,Ancient Origins,full_art,8.0,PSA,yes,,,
3/2/26,primal_kyogre_ex_ancient_origins_full_art_psa_8,240.5,eBay,Primal Kyogre EX,Ancient Origins,full_art,8.0,PSA,yes,,,
2/17/26,primal_kyogre_ex_ancient_origins_full_art_psa_8,350.0,eBay,Primal Kyogre EX,Ancient Origins,full_art,8.0,PSA,yes,,,
2/11/26,primal_kyogre_ex_ancient_origins_full_art_psa_8,349.99,eBay,Primal Kyogre EX,Ancient Origins,full_art,8.0,PSA,yes,,,
2/2/26,primal_kyogre_ex_ancient_origins_full_art_psa_8,349.99,eBay,Primal Kyogre EX,Ancient Origins,full_art,8.0,PSA,yes,,,
2/1/26,primal_kyogre_ex_ancient_origins_full_art_psa_8,292.0,eBay,Primal Kyogre EX,Ancient Origins,full_art,8.0,PSA,yes,'Fire' wording; verify title,,
1/18/26,primal_kyogre_ex_ancient_origins_full_art_psa_8,325.0,eBay,Primal Kyogre EX,Ancient Origins,full_art,8.0,PSA,yes,,,
1/9/26,primal_kyogre_ex_ancient_origins_full_art_psa_8,300.0,eBay,Primal Kyogre EX,Ancient Origins,full_art,8.0,PSA,yes,new cert,,
1/6/26,primal_kyogre_ex_ancient_origins_full_art_psa_8,315.0,eBay,Primal Kyogre EX,Ancient Origins,full_art,8.0,PSA,yes,,,
1/3/26,primal_kyogre_ex_ancient_origins_full_art_psa_8,275.0,eBay,Primal Kyogre EX,Ancient Origins,full_art,8.0,PSA,yes,,,
1/2/26,primal_kyogre_ex_ancient_origins_full_art_psa_8,330.0,eBay,Primal Kyogre EX,Ancient Origins,full_art,8.0,PSA,yes,,,
4/12/26,primal_kyogre_ex_ancient_origins_full_art_psa_7,225.5,eBay,Primal Kyogre EX,Ancient Origins,full_art,7.0,PSA,yes,,431.0,2783.0
4/6/26,primal_kyogre_ex_ancient_origins_full_art_psa_7,240.23,eBay,Primal Kyogre EX,Ancient Origins,full_art,7.0,PSA,yes,,,
3/27/26,primal_kyogre_ex_ancient_origins_full_art_psa_7,265.0,eBay,Primal Kyogre EX,Ancient Origins,full_art,7.0,PSA,yes,,,
3/23/26,primal_kyogre_ex_ancient_origins_full_art_psa_7,222.95,eBay,Primal Kyogre EX,Ancient Origins,full_art,7.0,PSA,yes,,,
3/21/26,primal_kyogre_ex_ancient_origins_full_art_psa_7,233.19,eBay,Primal Kyogre EX,Ancient Origins,full_art,7.0,PSA,yes,,,
3/21/26,primal_kyogre_ex_ancient_origins_full_art_psa_7,218.61,eBay,Primal Kyogre EX,Ancient Origins,full_art,7.0,PSA,yes,,,
3/9/26,primal_kyogre_ex_ancient_origins_full_art_psa_7,250.0,eBay,Primal Kyogre EX,Ancient Origins,full_art,7.0,PSA,yes,,,
2/19/26,primal_kyogre_ex_ancient_origins_full_art_psa_7,250.0,eBay,Primal Kyogre EX,Ancient Origins,full_art,7.0,PSA,yes,,,
2/14/26,primal_kyogre_ex_ancient_origins_full_art_psa_7,250.0,eBay,Primal Kyogre EX,Ancient Origins,full_art,7.0,PSA,yes,,,
1/31/26,primal_kyogre_ex_ancient_origins_full_art_psa_7,250.0,eBay,Primal Kyogre EX,Ancient Origins,full_art,7.0,PSA,yes,,,
1/6/26,primal_kyogre_ex_ancient_origins_full_art_psa_7,224.99,eBay,Primal Kyogre EX,Ancient Origins,full_art,7.0,PSA,yes,,,
4/12/26,primal_kyogre_ex_ancient_origins_full_art_psa_6,132.5,eBay,Primal Kyogre EX,Ancient Origins,full_art,6.0,PSA,yes,EX-MT wording in title,264.0,2783.0
3/16/26,primal_kyogre_ex_ancient_origins_full_art_psa_6,187.5,eBay,Primal Kyogre EX,Ancient Origins,full_art,6.0,PSA,yes,,,
3/15/26,primal_kyogre_ex_ancient_origins_full_art_psa_6,123.25,eBay,Primal Kyogre EX,Ancient Origins,full_art,6.0,PSA,yes,EX-MT wording in title,,
3/13/26,primal_kyogre_ex_ancient_origins_full_art_psa_6,191.5,eBay,Primal Kyogre EX,Ancient Origins,full_art,6.0,PSA,yes,EX-MT wording in title,,
2/27/26,primal_kyogre_ex_ancient_origins_full_art_psa_6,190.0,eBay,Primal Kyogre EX,Ancient Origins,full_art,6.0,PSA,yes,,,
2/25/26,primal_kyogre_ex_ancient_origins_full_art_psa_6,175.0,eBay,Primal Kyogre EX,Ancient Origins,full_art,6.0,PSA,yes,,,
2/22/26,primal_kyogre_ex_ancient_origins_full_art_psa_6,229.92,eBay,Primal Kyogre EX,Ancient Origins,full_art,6.0,PSA,yes,,,
2/2/26,primal_kyogre_ex_ancient_origins_full_art_psa_6,155.0,eBay,Primal Kyogre EX,Ancient Origins,full_art,6.0,PSA,yes,EX-MT wording in title,,
1/3/26,primal_kyogre_ex_ancient_origins_full_art_psa_5,131.22,eBay,Primal Kyogre EX,Ancient Origins,full_art,5.0,PSA,yes,,141.0,2783.0
3/29/26,primal_kyogre_ex_ancient_origins_full_art_psa_4,150.0,eBay,Primal Kyogre EX,Ancient Origins,full_art,4.0,PSA,yes,Shiny wording in title,53.0,2783.0
3/10/26,primal_kyogre_ex_ancient_origins_full_art_psa_4,117.5,eBay,Primal Kyogre EX,Ancient Origins,full_art,4.0,PSA,yes,,,
1/15/26,primal_kyogre_ex_ancient_origins_full_art_psa_4,149.99,eBay,Primal Kyogre EX,Ancient Origins,full_art,4.0,PSA,yes,,,
12/5/25,primal_kyogre_ex_ancient_origins_full_art_psa_3,115.0,eBay,Primal Kyogre EX,Ancient Origins,full_art,3.0,PSA,yes,Older 2025 comp,26.0,2783.0
9/12/25,primal_kyogre_ex_ancient_origins_full_art_psa_3,145.0,eBay,Primal Kyogre EX,Ancient Origins,full_art,3.0,PSA,yes,Older 2025 comp,,
3/28/26,primal_kyogre_ex_ancient_origins_full_art_psa_2,115.0,eBay,Primal Kyogre EX,Ancient Origins,full_art,2.0,PSA,yes,Shiny/emoji wording in title,25.0,2783.0
3/4/26,primal_kyogre_ex_ancient_origins_full_art_psa_2,85.0,eBay,Primal Kyogre EX,Ancient Origins,full_art,2.0,PSA,yes,,,
4/5/26,primal_kyogre_ex_ancient_origins_full_art_psa_1,165.0,eBay,Primal Kyogre EX,Ancient Origins,full_art,1.0,PSA,yes,,41.0,2783.0
3/17/26,primal_kyogre_ex_ancient_origins_full_art_psa_1,162.0,eBay,Primal Kyogre EX,Ancient Origins,full_art,1.0,PSA,yes,,,
2/22/26,primal_kyogre_ex_ancient_origins_full_art_psa_1,167.0,eBay,Primal Kyogre EX,Ancient Origins,full_art,1.0,PSA,yes,,,
2/22/26,primal_kyogre_ex_ancient_origins_full_art_psa_1,140.0,eBay,Primal Kyogre EX,Ancient Origins,full_art,1.0,PSA,yes,PR wording in title,,
2/15/26,primal_kyogre_ex_ancient_origins_full_art_psa_1,199.99,eBay,Primal Kyogre EX,Ancient Origins,full_art,1.0,PSA,yes,PR wording in title,,
1/15/26,primal_kyogre_ex_ancient_origins_full_art_psa_1,144.07,eBay,Primal Kyogre EX,Ancient Origins,full_art,1.0,PSA,yes,PR wording in title,,
4/13/26,lugia_ex_ancient_origins_full_art_94_psa_10,4900.0,eBay,Lugia EX,Ancient Origins,full_art,10.0,PSA,yes,,474.0,2809.0
4/12/26,lugia_ex_ancient_origins_full_art_94_psa_10,4768.44,eBay,Lugia EX,Ancient Origins,full_art,10.0,PSA,yes,,,
4/10/26,lugia_ex_ancient_origins_full_art_94_psa_10_gem_mint,4250.0,eBay,Lugia EX,Ancient Origins,full_art,10.0,PSA,yes,,,
4/9/26,lugia_ex_ancient_origins_full_art_94_psa_10,4250.0,eBay,Lugia EX,Ancient Origins,full_art,10.0,PSA,yes,,,
4/7/26,lugia_ex_ancient_origins_full_art_94_psa_10,3000.0,eBay,Lugia EX,Ancient Origins,full_art,10.0,PSA,yes,Verify unusually low comp,,
4/5/26,lugia_ex_ancient_origins_full_art_94_psa_10,4499.99,eBay,Lugia EX,Ancient Origins,full_art,10.0,PSA,yes,,,
3/28/26,lugia_ex_ancient_origins_full_art_94_psa_10,4166.67,eBay,Lugia EX,Ancient Origins,full_art,10.0,PSA,yes,,,
3/24/26,lugia_ex_ancient_origins_full_art_94_psa_10,4000.0,eBay,Lugia EX,Ancient Origins,full_art,10.0,PSA,yes,,,
3/22/26,lugia_ex_ancient_origins_full_art_94_psa_10,2500.0,eBay,Lugia EX,Ancient Origins,full_art,10.0,PSA,yes,Verify unusually low comp,,
3/9/26,lugia_ex_ancient_origins_full_art_94_psa_10,3325.0,eBay,Lugia EX,Ancient Origins,full_art,10.0,PSA,yes,,,
3/9/26,lugia_ex_ancient_origins_full_art_94_psa_10,2999.0,eBay,Lugia EX,Ancient Origins,full_art,10.0,PSA,yes,,,
3/8/26,lugia_ex_ancient_origins_full_art_94_psa_10,3000.0,eBay,Lugia EX,Ancient Origins,full_art,10.0,PSA,yes,,,
3/6/26,lugia_ex_ancient_origins_full_art_94_psa_10,2400.0,eBay,Lugia EX,Ancient Origins,full_art,10.0,PSA,yes,Verify unusually low comp,,
2/23/26,lugia_ex_ancient_origins_full_art_94_psa_10,2650.0,eBay,Lugia EX,Ancient Origins,full_art,10.0,PSA,yes,,,
2/12/26,lugia_ex_ancient_origins_full_art_94_psa_10,2350.0,eBay,Lugia EX,Ancient Origins,full_art,10.0,PSA,yes,,,
1/30/26,lugia_ex_ancient_origins_full_art_94_psa_10,2500.0,eBay,Lugia EX,Ancient Origins,full_art,10.0,PSA,yes,,,
1/30/26,lugia_ex_ancient_origins_full_art_94_psa_10,2300.0,eBay,Lugia EX,Ancient Origins,full_art,10.0,PSA,yes,,,
1/9/26,lugia_ex_ancient_origins_full_art_94_psa_10,2050.0,eBay,Lugia EX,Ancient Origins,full_art,10.0,PSA,yes,Verify unusually low comp,,
4/10/26,lugia_ex_ancient_origins_full_art_94_psa_9,599.0,eBay,Lugia EX,Ancient Origins,full_art,9.0,PSA,yes,,866.0,2809.0
4/9/26,lugia_ex_ancient_origins_full_art_94_psa_9,555.0,eBay,Lugia EX,Ancient Origins,full_art,9.0,PSA,yes,,,
4/5/26,lugia_ex_ancient_origins_full_art_94_psa_9,550.0,eBay,Lugia EX,Ancient Origins,full_art,9.0,PSA,yes,,,
3/29/26,lugia_ex_ancient_origins_full_art_94_psa_9,500.0,eBay,Lugia EX,Ancient Origins,full_art,9.0,PSA,yes,,,
3/25/26,lugia_ex_ancient_origins_full_art_94_psa_9,500.0,eBay,Lugia EX,Ancient Origins,full_art,9.0,PSA,yes,,,
3/25/26,lugia_ex_ancient_origins_full_art_94_psa_9,499.0,eBay,Lugia EX,Ancient Origins,full_art,9.0,PSA,yes,,,
3/19/26,lugia_ex_ancient_origins_full_art_94_psa_9,450.0,eBay,Lugia EX,Ancient Origins,full_art,9.0,PSA,yes,,,
3/15/26,lugia_ex_ancient_origins_full_art_94_psa_9,370.98,eBay,Lugia EX,Ancient Origins,full_art,9.0,PSA,yes,,,
3/12/26,lugia_ex_ancient_origins_full_art_94_psa_9,434.01,eBay,Lugia EX,Ancient Origins,full_art,9.0,PSA,review,Read description,,
3/10/26,lugia_ex_ancient_origins_full_art_94_psa_9,400.0,eBay,Lugia EX,Ancient Origins,full_art,9.0,PSA,yes,,,
3/9/26,lugia_ex_ancient_origins_full_art_94_psa_9,449.99,eBay,Lugia EX,Ancient Origins,full_art,9.0,PSA,yes,,,
3/9/26,lugia_ex_ancient_origins_full_art_94_psa_9,442.0,eBay,Lugia EX,Ancient Origins,full_art,9.0,PSA,yes,,,
3/6/26,lugia_ex_ancient_origins_full_art_94_psa_9,400.0,eBay,Lugia EX,Ancient Origins,full_art,9.0,PSA,yes,,,
3/5/26,lugia_ex_ancient_origins_full_art_94_psa_9,420.0,eBay,Lugia EX,Ancient Origins,full_art,9.0,PSA,yes,,,
2/24/26,lugia_ex_ancient_origins_full_art_94_psa_9,410.0,eBay,Lugia EX,Ancient Origins,full_art,9.0,PSA,yes,,,
2/23/26,lugia_ex_ancient_origins_full_art_94_psa_9,415.0,eBay,Lugia EX,Ancient Origins,full_art,9.0,PSA,yes,,,
2/23/26,lugia_ex_ancient_origins_full_art_94_psa_9,401.11,eBay,Lugia EX,Ancient Origins,full_art,9.0,PSA,review,"Title says 993, verify card number",,
2/19/26,lugia_ex_ancient_origins_full_art_94_psa_9,400.0,eBay,Lugia EX,Ancient Origins,full_art,9.0,PSA,yes,,,
2/19/26,lugia_ex_ancient_origins_full_art_94_psa_9,357.0,eBay,Lugia EX,Ancient Origins,full_art,9.0,PSA,yes,,,
2/15/26,lugia_ex_ancient_origins_full_art_94_psa_9,450.0,eBay,Lugia EX,Ancient Origins,full_art,9.0,PSA,yes,,,
2/13/26,lugia_ex_ancient_origins_full_art_94_psa_9,400.0,eBay,Lugia EX,Ancient Origins,full_art,9.0,PSA,yes,,,
2/9/26,lugia_ex_ancient_origins_full_art_94_psa_9,350.0,eBay,Lugia EX,Ancient Origins,full_art,9.0,PSA,yes,,,
2/2/26,lugia_ex_ancient_origins_full_art_94_psa_9,450.0,eBay,Lugia EX,Ancient Origins,full_art,9.0,PSA,yes,,,
2/2/26,lugia_ex_ancient_origins_full_art_94_psa_9,444.99,eBay,Lugia EX,Ancient Origins,full_art,9.0,PSA,yes,,,
2/2/26,lugia_ex_ancient_origins_full_art_94_psa_9,425.0,eBay,Lugia EX,Ancient Origins,full_art,9.0,PSA,yes,,,
2/2/26,lugia_ex_ancient_origins_full_art_94_psa_9,415.0,eBay,Lugia EX,Ancient Origins,full_art,9.0,PSA,yes,,,
1/26/26,lugia_ex_ancient_origins_full_art_94_psa_9,427.22,eBay,Lugia EX,Ancient Origins,full_art,9.0,PSA,yes,,,
1/18/26,lugia_ex_ancient_origins_full_art_94_psa_9,400.0,eBay,Lugia EX,Ancient Origins,full_art,9.0,PSA,yes,,,
1/17/26,lugia_ex_ancient_origins_full_art_94_psa_9,424.9,eBay,Lugia EX,Ancient Origins,full_art,9.0,PSA,yes,,,
1/15/26,lugia_ex_ancient_origins_full_art_94_psa_9,385.0,eBay,Lugia EX,Ancient Origins,full_art,9.0,PSA,yes,,,
4/6/26,lugia_ex_ancient_origins_full_art_94_psa_8,207.03,eBay,Lugia EX,Ancient Origins,full_art,8.0,PSA,yes,,665.0,2809.0
4/5/26,lugia_ex_ancient_origins_full_art_94_psa_8,185.5,eBay,Lugia EX,Ancient Origins,full_art,8.0,PSA,yes,,,
3/31/26,lugia_ex_ancient_origins_full_art_94_psa_8,220.0,eBay,Lugia EX,Ancient Origins,full_art,8.0,PSA,yes,,,
3/3/26,lugia_ex_ancient_origins_full_art_94_psa_8,250.0,eBay,Lugia EX,Ancient Origins,full_art,8.0,PSA,yes,,,
3/2/26,lugia_ex_ancient_origins_full_art_94_psa_8,193.5,eBay,Lugia EX,Ancient Origins,full_art,8.0,PSA,yes,,,
2/20/26,lugia_ex_ancient_origins_full_art_94_psa_8,225.0,eBay,Lugia EX,Ancient Origins,full_art,8.0,PSA,yes,,,
2/12/26,lugia_ex_ancient_origins_full_art_94_psa_8,231.99,eBay,Lugia EX,Ancient Origins,full_art,8.0,PSA,yes,,,
2/9/26,lugia_ex_ancient_origins_full_art_94_psa_8,225.0,eBay,Lugia EX,Ancient Origins,full_art,8.0,PSA,yes,,,
2/9/26,lugia_ex_ancient_origins_full_art_94_psa_8,217.5,eBay,Lugia EX,Ancient Origins,full_art,8.0,PSA,yes,,,
1/21/26,lugia_ex_ancient_origins_full_art_94_psa_8,214.99,eBay,Lugia EX,Ancient Origins,full_art,8.0,PSA,yes,,,
1/18/26,lugia_ex_ancient_origins_full_art_94_psa_8,200.0,eBay,Lugia EX,Ancient Origins,full_art,8.0,PSA,yes,,,
1/15/26,lugia_ex_ancient_origins_full_art_94_psa_8,178.0,eBay,Lugia EX,Ancient Origins,full_art,8.0,PSA,yes,,,
1/11/26,lugia_ex_ancient_origins_full_art_94_psa_8,190.0,eBay,Lugia EX,Ancient Origins,full_art,8.0,PSA,yes,,,
4/8/26,lugia_ex_ancient_origins_full_art_94_psa_7,165.0,eBay,Lugia EX,Ancient Origins,full_art,7.0,PSA,yes,,415.0,2809.0
4/4/26,lugia_ex_ancient_origins_full_art_94_psa_7,152.5,eBay,Lugia EX,Ancient Origins,full_art,7.0,PSA,yes,,,
3/29/26,lugia_ex_ancient_origins_full_art_94_psa_7,163.0,eBay,Lugia EX,Ancient Origins,full_art,7.0,PSA,yes,,,
3/29/26,lugia_ex_ancient_origins_full_art_94_psa_7,162.0,eBay,Lugia EX,Ancient Origins,full_art,7.0,PSA,yes,,,
3/25/26,lugia_ex_ancient_origins_full_art_94_psa_7,184.99,eBay,Lugia EX,Ancient Origins,full_art,7.0,PSA,yes,,,
3/16/26,lugia_ex_ancient_origins_full_art_94_psa_7,182.5,eBay,Lugia EX,Ancient Origins,full_art,7.0,PSA,yes,,,
3/6/26,lugia_ex_ancient_origins_full_art_94_psa_7,140.04,eBay,Lugia EX,Ancient Origins,full_art,7.0,PSA,yes,,,
3/1/26,lugia_ex_ancient_origins_full_art_94_psa_7,249.99,eBay,Lugia EX,Ancient Origins,full_art,7.0,PSA,yes,Verify unusually high comp,,
2/26/26,lugia_ex_ancient_origins_full_art_94_psa_7,150.0,eBay,Lugia EX,Ancient Origins,full_art,7.0,PSA,yes,,,
2/7/26,lugia_ex_ancient_origins_full_art_94_psa_7,162.5,eBay,Lugia EX,Ancient Origins,full_art,7.0,PSA,yes,,,
2/2/26,lugia_ex_ancient_origins_full_art_94_psa_7,145.0,eBay,Lugia EX,Ancient Origins,full_art,7.0,PSA,yes,,,
1/28/26,lugia_ex_ancient_origins_full_art_94_psa_7,150.0,eBay,Lugia EX,Ancient Origins,full_art,7.0,PSA,yes,,,
1/25/26,lugia_ex_ancient_origins_full_art_94_psa_7,150.0,eBay,Lugia EX,Ancient Origins,full_art,7.0,PSA,yes,,,
1/24/26,lugia_ex_ancient_origins_full_art_94_psa_7,155.5,eBay,Lugia EX,Ancient Origins,full_art,7.0,PSA,yes,,,
3/29/26,lugia_ex_ancient_origins_full_art_94_psa_6,132.5,eBay,Lugia EX,Ancient Origins,full_art,6.0,PSA,yes,,194.0,2809.0
3/29/26,lugia_ex_ancient_origins_full_art_94_psa_6,126.0,eBay,Lugia EX,Ancient Origins,full_art,6.0,PSA,yes,,,
3/2/26,lugia_ex_ancient_origins_full_art_94_psa_6,150.5,eBay,Lugia EX,Ancient Origins,full_art,6.0,PSA,yes,,,
2/19/26,lugia_ex_ancient_origins_full_art_94_psa_6,152.5,eBay,Lugia EX,Ancient Origins,full_art,6.0,PSA,yes,,,
2/2/26,lugia_ex_ancient_origins_full_art_94_psa_6,125.0,eBay,Lugia EX,Ancient Origins,full_art,6.0,PSA,yes,,,
1/5/26,lugia_ex_ancient_origins_full_art_94_psa_6,115.0,eBay,Lugia EX,Ancient Origins,full_art,6.0,PSA,yes,,,
4/13/26,lugia_ex_ancient_origins_full_art_94_psa_5,110.0,eBay,Lugia EX,Ancient Origins,full_art,5.0,PSA,yes,EX wording in title,103.0,2809.0
4/10/26,lugia_ex_ancient_origins_full_art_94_psa_5,109.99,eBay,Lugia EX,Ancient Origins,full_art,5.0,PSA,yes,Rare wording in title,,
2/9/26,lugia_ex_ancient_origins_full_art_94_psa_5,172.75,eBay,Lugia EX,Ancient Origins,full_art,5.0,PSA,yes,EX wording in title,,
1/16/26,lugia_ex_ancient_origins_full_art_94_psa_5,93.65,eBay,Lugia EX,Ancient Origins,full_art,5.0,PSA,yes,,,
7/3/24,lugia_ex_ancient_origins_full_art_94_psa_4,19.38,eBay,Lugia EX,Ancient Origins,full_art,4.0,PSA,review,Very old low comp; verify,27.0,2809.0
11/9/25,lugia_ex_ancient_origins_full_art_94_psa_3,61.0,eBay,Lugia EX,Ancient Origins,full_art,3.0,PSA,review,Older sale,16.0,2809.0
10/27/25,lugia_ex_ancient_origins_full_art_94_psa_3,63.0,eBay,Lugia EX,Ancient Origins,full_art,3.0,PSA,review,Older sale,,
1/28/26,lugia_ex_ancient_origins_full_art_94_psa_1,139.95,eBay,Lugia EX,Ancient Origins,full_art,1.0,PSA,yes,PR wording in title,42.0,2809.0
1/9/26,lugia_ex_ancient_origins_full_art_94_psa_1,170.0,eBay,Lugia EX,Ancient Origins,full_art,1.0,PSA,yes,PR wording in title,,
1/1/26,lugia_ex_ancient_origins_full_art_94_psa_1,119.0,eBay,Lugia EX,Ancient Origins,full_art,1.0,PSA,yes,,,
4/12/26,giratina_ex_ancient_origins_full_art_93_psa_10,1481.83,eBay,Giratina EX,Ancient Origins,full_art,10.0,PSA,yes,,324.0,1310.0
4/6/26,giratina_ex_ancient_origins_full_art_93_psa_10_gem_mint,1524.0,eBay,Giratina EX,Ancient Origins,full_art,10.0,PSA,yes,,,
3/28/26,giratina_ex_ancient_origins_full_art_93_psa_10,1475.56,eBay,Giratina EX,Ancient Origins,full_art,10.0,PSA,yes,,,
3/20/26,giratina_ex_ancient_origins_full_art_93_psa_10,1450.0,eBay,Giratina EX,Ancient Origins,full_art,10.0,PSA,yes,,,
3/10/26,giratina_ex_ancient_origins_full_art_93_psa_10,1499.0,eBay,Giratina EX,Ancient Origins,full_art,10.0,PSA,yes,,,
3/7/26,giratina_ex_ancient_origins_full_art_93_psa_10,1290.0,eBay,Giratina EX,Ancient Origins,full_art,10.0,PSA,yes,low sale; verify,,
2/3/26,giratina_ex_ancient_origins_full_art_93_psa_10,1488.0,eBay,Giratina EX,Ancient Origins,full_art,10.0,PSA,yes,,,
1/12/26,giratina_ex_ancient_origins_full_art_93_psa_10_gem_mint,1255.88,eBay,Giratina EX,Ancient Origins,full_art,10.0,PSA,yes,,,
1/12/26,giratina_ex_ancient_origins_full_art_93_psa_10,1150.0,eBay,Giratina EX,Ancient Origins,full_art,10.0,PSA,yes,,,
4/14/26,giratina_ex_ancient_origins_full_art_93_psa_9_clean,360.0,eBay,Giratina EX,Ancient Origins,full_art,9.0,PSA,yes,upgrade/clean wording; verify,410.0,1310.0
3/31/26,giratina_ex_ancient_origins_full_art_93_psa_9,275.0,eBay,Giratina EX,Ancient Origins,full_art,9.0,PSA,yes,,,
3/29/26,giratina_ex_ancient_origins_full_art_93_psa_9,293.0,eBay,Giratina EX,Ancient Origins,full_art,9.0,PSA,yes,,,
3/28/26,giratina_ex_ancient_origins_full_art_93_psa_9,345.9,eBay,Giratina EX,Ancient Origins,full_art,9.0,PSA,yes,,,
3/19/26,giratina_ex_ancient_origins_full_art_93_psa_9,300.0,eBay,Giratina EX,Ancient Origins,full_art,9.0,PSA,yes,,,
3/15/26,giratina_ex_ancient_origins_full_art_93_psa_9_mint,225.5,eBay,Giratina EX,Ancient Origins,full_art,9.0,PSA,yes,,,
3/10/26,giratina_ex_ancient_origins_full_art_93_psa_9,315.0,eBay,Giratina EX,Ancient Origins,full_art,9.0,PSA,yes,,,
2/13/26,giratina_ex_ancient_origins_full_art_93_psa_9,315.0,eBay,Giratina EX,Ancient Origins,full_art,9.0,PSA,yes,,,
2/9/26,giratina_ex_ancient_origins_full_art_93_psa_9,260.0,eBay,Giratina EX,Ancient Origins,full_art,9.0,PSA,yes,,,
1/22/26,giratina_ex_ancient_origins_full_art_93_psa_9_mint,270.0,eBay,Giratina EX,Ancient Origins,full_art,9.0,PSA,yes,,,
1/20/26,giratina_ex_ancient_origins_full_art_93_psa_9,268.0,eBay,Giratina EX,Ancient Origins,full_art,9.0,PSA,yes,,,
1/12/26,giratina_ex_ancient_origins_full_art_93_psa_9,325.0,eBay,Giratina EX,Ancient Origins,full_art,9.0,PSA,yes,,,
1/10/26,giratina_ex_ancient_origins_full_art_93_psa_9,260.0,eBay,Giratina EX,Ancient Origins,full_art,9.0,PSA,yes,Q060 in title; verify,,
3/20/26,giratina_ex_ancient_origins_full_art_93_psa_8,170.0,eBay,Giratina EX,Ancient Origins,full_art,8.0,PSA,yes,,210.0,1310.0
3/11/26,giratina_ex_ancient_origins_full_art_93_psa_8,167.5,eBay,Giratina EX,Ancient Origins,full_art,8.0,PSA,yes,,,
2/20/26,giratina_ex_ancient_origins_full_art_93_psa_8,144.19,eBay,Giratina EX,Ancient Origins,full_art,8.0,PSA,yes,,,
1/5/26,giratina_ex_ancient_origins_full_art_93_psa_8,152.5,eBay,Giratina EX,Ancient Origins,full_art,8.0,PSA,yes,,,
4/8/26,giratina_ex_ancient_origins_full_art_93_psa_7,100.0,eBay,Giratina EX,Ancient Origins,full_art,7.0,PSA,yes,,153.0,1310.0
3/31/26,giratina_ex_ancient_origins_full_art_93_psa_7,109.99,eBay,Giratina EX,Ancient Origins,full_art,7.0,PSA,yes,,,
3/9/26,giratina_ex_ancient_origins_full_art_93_psa_7,130.0,eBay,Giratina EX,Ancient Origins,full_art,7.0,PSA,yes,,,
2/17/26,giratina_ex_ancient_origins_full_art_93_psa_7,71.75,eBay,Giratina EX,Ancient Origins,full_art,7.0,PSA,yes,low sale; verify,,
3/25/26,giratina_ex_ancient_origins_full_art_93_psa_6,91.55,eBay,Giratina EX,Ancient Origins,full_art,6.0,PSA,yes,,110.0,1310.0
2/13/26,giratina_ex_ancient_origins_full_art_93_psa_6,85.0,eBay,Giratina EX,Ancient Origins,full_art,6.0,PSA,yes,,,
1/11/26,giratina_ex_ancient_origins_full_art_93_psa_6,75.0,eBay,Giratina EX,Ancient Origins,full_art,6.0,PSA,yes,,,
3/31/26,giratina_ex_ancient_origins_full_art_93_psa_5,89.0,eBay,Giratina EX,Ancient Origins,full_art,5.0,PSA,yes,,53.0,1310.0
3/29/26,giratina_ex_ancient_origins_full_art_93_psa_5,45.0,eBay,Giratina EX,Ancient Origins,full_art,5.0,PSA,yes,low sale; verify,,
4/4/26,giratina_ex_ancient_origins_full_art_93_psa_1,102.5,eBay,Giratina EX,Ancient Origins,full_art,1.0,PSA,yes,,22.0,1310.0
2/19/26,giratina_ex_ancient_origins_full_art_93_psa_1,99.0,eBay,Giratina EX,Ancient Origins,full_art,1.0,PSA,yes,,,
4/8/26,m_sceptile_ex_ancient_origins_full_art_psa_10,1479.69,eBay,M Sceptile EX,Ancient Origins,full_art,10.0,PSA,yes,,305.0,1300.0
4/1/26,m_sceptile_ex_ancient_origins_full_art_psa_10,1555.0,eBay,M Sceptile EX,Ancient Origins,full_art,10.0,PSA,yes,,,
3/31/26,m_sceptile_ex_ancient_origins_full_art_psa_10,2000.0,eBay,M Sceptile EX,Ancient Origins,full_art,10.0,PSA,yes,,,
3/30/26,m_sceptile_ex_ancient_origins_full_art_psa_10,1425.0,eBay,M Sceptile EX,Ancient Origins,full_art,10.0,PSA,yes,,,
3/24/26,m_sceptile_ex_ancient_origins_full_art_psa_10,1458.0,eBay,M Sceptile EX,Ancient Origins,full_art,10.0,PSA,yes,,,
3/21/26,m_sceptile_ex_ancient_origins_full_art_psa_10,1400.0,eBay,M Sceptile EX,Ancient Origins,full_art,10.0,PSA,yes,,,
2/28/26,m_sceptile_ex_ancient_origins_full_art_psa_10,1050.0,eBay,M Sceptile EX,Ancient Origins,full_art,10.0,PSA,yes,,,
2/26/26,m_sceptile_ex_ancient_origins_full_art_psa_10,1150.0,eBay,M Sceptile EX,Ancient Origins,full_art,10.0,PSA,yes,,,
2/16/26,m_sceptile_ex_ancient_origins_full_art_psa_10,815.0,eBay,M Sceptile EX,Ancient Origins,full_art,10.0,PSA,yes,Low sale; verify condition/photos,,
2/14/26,m_sceptile_ex_ancient_origins_full_art_psa_10,1050.0,eBay,M Sceptile EX,Ancient Origins,full_art,10.0,PSA,yes,,,
2/7/26,m_sceptile_ex_ancient_origins_full_art_psa_10,1100.0,eBay,M Sceptile EX,Ancient Origins,full_art,10.0,PSA,yes,,,
2/2/26,m_sceptile_ex_ancient_origins_full_art_psa_10,1177.33,eBay,M Sceptile EX,Ancient Origins,full_art,10.0,PSA,yes,,,
1/16/26,m_sceptile_ex_ancient_origins_full_art_psa_10,1026.51,eBay,M Sceptile EX,Ancient Origins,full_art,10.0,PSA,yes,,,
4/8/26,m_sceptile_ex_ancient_origins_full_art_psa_9,239.99,eBay,M Sceptile EX,Ancient Origins,full_art,9.0,PSA,yes,,413.0,1300.0
4/8/26,m_sceptile_ex_ancient_origins_full_art_psa_9,202.5,eBay,M Sceptile EX,Ancient Origins,full_art,9.0,PSA,yes,,,
3/31/26,m_sceptile_ex_ancient_origins_full_art_psa_9,191.96,eBay,M Sceptile EX,Ancient Origins,full_art,9.0,PSA,yes,,,
3/20/26,m_sceptile_ex_ancient_origins_full_art_psa_9,182.5,eBay,M Sceptile EX,Ancient Origins,full_art,9.0,PSA,yes,,,
3/11/26,m_sceptile_ex_ancient_origins_full_art_psa_9,175.06,eBay,M Sceptile EX,Ancient Origins,full_art,9.0,PSA,yes,,,
3/3/26,m_sceptile_ex_ancient_origins_full_art_psa_9,210.5,eBay,M Sceptile EX,Ancient Origins,full_art,9.0,PSA,yes,,,
2/25/26,m_sceptile_ex_ancient_origins_full_art_psa_9,118.5,eBay,M Sceptile EX,Ancient Origins,full_art,9.0,PSA,review,Damaged listing,,
2/23/26,m_sceptile_ex_ancient_origins_full_art_psa_9,265.0,eBay,M Sceptile EX,Ancient Origins,full_art,9.0,PSA,yes,,,
2/22/26,m_sceptile_ex_ancient_origins_full_art_psa_9,225.0,eBay,M Sceptile EX,Ancient Origins,full_art,9.0,PSA,yes,,,
2/20/26,m_sceptile_ex_ancient_origins_full_art_psa_9,172.52,eBay,M Sceptile EX,Ancient Origins,full_art,9.0,PSA,yes,,,
2/19/26,m_sceptile_ex_ancient_origins_full_art_psa_9,226.69,eBay,M Sceptile EX,Ancient Origins,full_art,9.0,PSA,yes,,,
2/11/26,m_sceptile_ex_ancient_origins_full_art_psa_9,227.5,eBay,M Sceptile EX,Ancient Origins,full_art,9.0,PSA,yes,,,
2/9/26,m_sceptile_ex_ancient_origins_full_art_psa_9,272.0,eBay,M Sceptile EX,Ancient Origins,full_art,9.0,PSA,yes,,,
2/2/26,m_sceptile_ex_ancient_origins_full_art_psa_9,293.0,eBay,M Sceptile EX,Ancient Origins,full_art,9.0,PSA,yes,,,
1/26/26,m_sceptile_ex_ancient_origins_full_art_psa_9,285.0,eBay,M Sceptile EX,Ancient Origins,full_art,9.0,PSA,yes,,,
1/24/26,m_sceptile_ex_ancient_origins_full_art_psa_9,257.22,eBay,M Sceptile EX,Ancient Origins,full_art,9.0,PSA,yes,,,
1/9/26,m_sceptile_ex_ancient_origins_full_art_psa_9,375.0,eBay,M Sceptile EX,Ancient Origins,full_art,9.0,PSA,review,High sale; verify,,
3/26/26,m_sceptile_ex_ancient_origins_full_art_psa_8,140.0,eBay,M Sceptile EX,Ancient Origins,full_art,8.0,PSA,yes,,215.0,1300.0
3/12/26,m_sceptile_ex_ancient_origins_full_art_psa_8,175.0,eBay,M Sceptile EX,Ancient Origins,full_art,8.0,PSA,yes,,,
3/5/26,m_sceptile_ex_ancient_origins_full_art_psa_8,125.0,eBay,M Sceptile EX,Ancient Origins,full_art,8.0,PSA,yes,,,
2/23/26,m_sceptile_ex_ancient_origins_full_art_psa_8,115.0,eBay,M Sceptile EX,Ancient Origins,full_art,8.0,PSA,yes,,,
2/5/26,m_sceptile_ex_ancient_origins_full_art_psa_8,150.0,eBay,M Sceptile EX,Ancient Origins,full_art,8.0,PSA,yes,NM-MT wording,,
2/2/26,m_sceptile_ex_ancient_origins_full_art_psa_8,150.0,eBay,M Sceptile EX,Ancient Origins,full_art,8.0,PSA,review,ES6 / wording unclear; verify,,
1/21/26,m_sceptile_ex_ancient_origins_full_art_psa_8,100.0,eBay,M Sceptile EX,Ancient Origins,full_art,8.0,PSA,yes,,,
1/20/26,m_sceptile_ex_ancient_origins_full_art_psa_8,128.5,eBay,M Sceptile EX,Ancient Origins,full_art,8.0,PSA,yes,NM-MT wording,,
1/3/26,m_sceptile_ex_ancient_origins_full_art_psa_8,137.5,eBay,M Sceptile EX,Ancient Origins,full_art,8.0,PSA,yes,,,
2/7/26,m_sceptile_ex_ancient_origins_full_art_psa_7,63.0,eBay,M Sceptile EX,Ancient Origins,full_art,7.0,PSA,yes,,172.0,1300.0
2/5/26,m_sceptile_ex_ancient_origins_full_art_psa_6,57.0,eBay,M Sceptile EX,Ancient Origins,full_art,6.0,PSA,yes,,111.0,1300.0
3/31/26,m_sceptile_ex_ancient_origins_full_art_psa_5,79.99,eBay,M Sceptile EX,Ancient Origins,full_art,5.0,PSA,yes,,38.0,1300.0
11/20/25,m_sceptile_ex_ancient_origins_full_art_psa_5,8.51,eBay,M Sceptile EX,Ancient Origins,full_art,5.0,PSA,review,Older low outlier; verify,,
3/8/26,m_sceptile_ex_ancient_origins_full_art_psa_1,99.99,eBay,M Sceptile EX,Ancient Origins,full_art,1.0,PSA,yes,,18.0,1300.0
11/10/25,m_sceptile_ex_ancient_origins_full_art_psa_1,130.0,eBay,M Sceptile EX,Ancient Origins,full_art,1.0,PSA,review,Older comp,,
9/13/25,m_sceptile_ex_ancient_origins_full_art_psa_1,140.0,eBay,M Sceptile EX,Ancient Origins,full_art,1.0,PSA,review,Older comp,,
4/3/26,m_tyranitar_ex_ancient_origins_full_art_92_psa_10,800.0,eBay,M Tyranitar EX,Ancient Origins,full_art,10.0,PSA,yes,,444.0,1580.0
3/21/26,m_tyranitar_ex_ancient_origins_full_art_92_psa_10,876.0,eBay,M Tyranitar EX,Ancient Origins,full_art,10.0,PSA,yes,,,
3/4/26,m_tyranitar_ex_ancient_origins_full_art_92_psa_10,800.0,eBay,M Tyranitar EX,Ancient Origins,full_art,10.0,PSA,yes,,,
2/26/26,m_tyranitar_ex_ancient_origins_full_art_92_psa_10,760.02,eBay,M Tyranitar EX,Ancient Origins,full_art,10.0,PSA,yes,,,
2/24/26,m_tyranitar_ex_ancient_origins_full_art_92_psa_10_gem_mint,890.0,eBay,M Tyranitar EX,Ancient Origins,full_art,10.0,PSA,yes,,,
2/18/26,m_tyranitar_ex_ancient_origins_full_art_92_psa_10,800.0,eBay,M Tyranitar EX,Ancient Origins,full_art,10.0,PSA,yes,,,
2/12/26,m_tyranitar_ex_ancient_origins_full_art_92_psa_10_gem_mint,800.0,eBay,M Tyranitar EX,Ancient Origins,full_art,10.0,PSA,yes,,,
2/10/26,m_tyranitar_ex_ancient_origins_full_art_92_psa_10_gem_mint,720.0,eBay,M Tyranitar EX,Ancient Origins,full_art,10.0,PSA,yes,,,
2/10/26,m_tyranitar_ex_ancient_origins_full_art_92_psa_10,780.0,eBay,M Tyranitar EX,Ancient Origins,full_art,10.0,PSA,yes,,,
1/20/26,m_tyranitar_ex_ancient_origins_full_art_92_psa_10_gem_mint,790.0,eBay,M Tyranitar EX,Ancient Origins,full_art,10.0,PSA,yes,,,
1/20/26,m_tyranitar_ex_ancient_origins_full_art_92_psa_10_gem_mint,898.0,eBay,M Tyranitar EX,Ancient Origins,full_art,10.0,PSA,yes,,,
4/13/26,m_tyranitar_ex_ancient_origins_full_art_92_psa_9,190.0,eBay,M Tyranitar EX,Ancient Origins,full_art,9.0,PSA,yes,,487.0,1580.0
3/30/26,m_tyranitar_ex_ancient_origins_full_art_92_psa_9,179.5,eBay,M Tyranitar EX,Ancient Origins,full_art,9.0,PSA,yes,,,
3/23/26,m_tyranitar_ex_ancient_origins_full_art_92_psa_9,195.0,eBay,M Tyranitar EX,Ancient Origins,full_art,9.0,PSA,yes,,,
3/11/26,m_tyranitar_ex_ancient_origins_full_art_92_psa_9,112.5,eBay,M Tyranitar EX,Ancient Origins,full_art,9.0,PSA,yes,low sale; verify,,
2/23/26,m_tyranitar_ex_ancient_origins_full_art_92_psa_9,225.0,eBay,M Tyranitar EX,Ancient Origins,full_art,9.0,PSA,yes,,,
2/12/26,m_tyranitar_ex_ancient_origins_full_art_92_psa_9_mint,163.5,eBay,M Tyranitar EX,Ancient Origins,full_art,9.0,PSA,yes,,,
1/20/26,m_tyranitar_ex_ancient_origins_full_art_92_psa_9_mint,183.5,eBay,M Tyranitar EX,Ancient Origins,full_art,9.0,PSA,yes,,,
1/12/26,m_tyranitar_ex_ancient_origins_full_art_92_psa_9,210.0,eBay,M Tyranitar EX,Ancient Origins,full_art,9.0,PSA,yes,,,
1/5/26,m_tyranitar_ex_ancient_origins_full_art_92_psa_9,275.0,eBay,M Tyranitar EX,Ancient Origins,full_art,9.0,PSA,yes,high sale; verify,,
4/12/26,m_tyranitar_ex_ancient_origins_full_art_92_psa_8,135.0,eBay,M Tyranitar EX,Ancient Origins,full_art,8.0,PSA,yes,,250.0,1580.0
3/10/26,m_tyranitar_ex_ancient_origins_full_art_92_psa_8_nm_mt,130.0,eBay,M Tyranitar EX,Ancient Origins,full_art,8.0,PSA,yes,,,
2/16/26,m_tyranitar_ex_ancient_origins_full_art_92_psa_8,127.5,eBay,M Tyranitar EX,Ancient Origins,full_art,8.0,PSA,yes,,,
1/18/26,m_tyranitar_ex_ancient_origins_full_art_92_psa_8,135.0,eBay,M Tyranitar EX,Ancient Origins,full_art,8.0,PSA,yes,,,
1/1/26,m_tyranitar_ex_ancient_origins_full_art_92_psa_8,101.0,eBay,M Tyranitar EX,Ancient Origins,full_art,8.0,PSA,yes,,,
2/20/26,m_tyranitar_ex_ancient_origins_full_art_92_psa_7,164.98,eBay,M Tyranitar EX,Ancient Origins,full_art,7.0,PSA,yes,high sale; verify,,
12/30/25,m_tyranitar_ex_ancient_origins_full_art_92_psa_7,100.0,eBay,M Tyranitar EX,Ancient Origins,full_art,7.0,PSA,yes,older comp,,
4/2/26,m_tyranitar_ex_ancient_origins_full_art_92_psa_6,74.95,eBay,M Tyranitar EX,Ancient Origins,full_art,6.0,PSA,yes,,117.0,1580.0
3/13/26,m_tyranitar_ex_ancient_origins_full_art_92_psa_6,74.0,eBay,M Tyranitar EX,Ancient Origins,full_art,6.0,PSA,yes,,,
2/22/26,m_tyranitar_ex_ancient_origins_full_art_92_psa_6,79.99,eBay,M Tyranitar EX,Ancient Origins,full_art,6.0,PSA,yes,,,
1/4/26,m_tyranitar_ex_ancient_origins_full_art_92_psa_5,53.15,eBay,M Tyranitar EX,Ancient Origins,full_art,5.0,PSA,yes,,41.0,1580.0
3/17/25,m_tyranitar_ex_ancient_origins_full_art_92_psa_5,60.0,eBay,M Tyranitar EX,Ancient Origins,full_art,5.0,PSA,yes,older comp,,
4/13/26,m_tyranitar_ex_ancient_origins_full_art_92_psa_1,120.0,eBay,M Tyranitar EX,Ancient Origins,full_art,1.0,PSA,yes,,12.0,1580.0
3/18/26,m_ampharos_ex_ancient_origins_full_art_88_psa_10_sequential,1450.55,eBay,M Ampharos EX,Ancient Origins,full_art,10.0,PSA,yes,sequential wording in title; high sale,214.0,946.0
3/9/26,m_ampharos_ex_ancient_origins_full_art_88_psa_10,600.0,eBay,M Ampharos EX,Ancient Origins,full_art,10.0,PSA,yes,low sale; verify,,
2/17/26,m_ampharos_ex_ancient_origins_full_art_88_psa_10_new_cert,670.0,eBay,M Ampharos EX,Ancient Origins,full_art,10.0,PSA,yes,new cert wording in title,,
2/9/26,m_ampharos_ex_ancient_origins_full_art_88_psa_10,699.99,eBay,M Ampharos EX,Ancient Origins,full_art,10.0,PSA,yes,,,
2/9/26,m_ampharos_ex_ancient_origins_full_art_88_psa_10_gem_mt,611.12,eBay,M Ampharos EX,Ancient Origins,full_art,10.0,PSA,yes,,,
2/4/26,m_ampharos_ex_ancient_origins_full_art_88_psa_10,595.0,eBay,M Ampharos EX,Ancient Origins,full_art,10.0,PSA,yes,,,
1/11/26,m_ampharos_ex_ancient_origins_full_art_88_psa_10_gem_mint,799.99,eBay,M Ampharos EX,Ancient Origins,full_art,10.0,PSA,yes,,,
4/13/26,m_ampharos_ex_ancient_origins_full_art_88_psa_9,89.12,eBay,M Ampharos EX,Ancient Origins,full_art,9.0,PSA,yes,,310.0,946.0
4/3/26,m_ampharos_ex_ancient_origins_full_art_88_psa_9_mint,124.99,eBay,M Ampharos EX,Ancient Origins,full_art,9.0,PSA,yes,,,
3/1/26,m_ampharos_ex_ancient_origins_full_art_88_psa_9,61.0,eBay,M Ampharos EX,Ancient Origins,full_art,9.0,PSA,yes,low sale; verify,,
2/27/26,m_ampharos_ex_ancient_origins_full_art_88_psa_9,80.0,eBay,M Ampharos EX,Ancient Origins,full_art,9.0,PSA,yes,,,
2/25/26,m_ampharos_ex_ancient_origins_full_art_88_psa_9_mint,86.0,eBay,M Ampharos EX,Ancient Origins,full_art,9.0,PSA,yes,,,
2/17/26,m_ampharos_ex_ancient_origins_full_art_88_psa_9_mint,70.0,eBay,M Ampharos EX,Ancient Origins,full_art,9.0,PSA,yes,,,
1/11/26,m_ampharos_ex_ancient_origins_full_art_88_psa_9,160.0,eBay,M Ampharos EX,Ancient Origins,full_art,9.0,PSA,yes,high sale; verify,,
3/11/26,m_ampharos_ex_ancient_origins_full_art_88_psa_8,77.0,eBay,M Ampharos EX,Ancient Origins,full_art,8.0,PSA,yes,,147.0,946.0
1/27/26,m_ampharos_ex_ancient_origins_full_art_88_psa_8_nm_mt,105.5,eBay,M Ampharos EX,Ancient Origins,full_art,8.0,PSA,yes,,,
2/4/25,m_ampharos_ex_ancient_origins_full_art_88_psa_7,21.17,eBay,M Ampharos EX,Ancient Origins,full_art,7.0,PSA,yes,older comp,145.0,946.0
6/18/24,m_ampharos_ex_ancient_origins_full_art_88_psa_7_nm,11.5,eBay,M Ampharos EX,Ancient Origins,full_art,7.0,PSA,yes,older comp,,
3/7/23,m_ampharos_ex_ancient_origins_full_art_88_psa_7_nm,17.51,eBay,M Ampharos EX,Ancient Origins,full_art,7.0,PSA,yes,older comp,,
11/3/25,m_ampharos_ex_ancient_origins_full_art_88_psa_6,51.0,eBay,M Ampharos EX,Ancient Origins,full_art,6.0,PSA,yes,older comp,83.0,946.0
7/24/22,m_ampharos_ex_ancient_origins_full_art_88_psa_6,10.95,eBay,M Ampharos EX,Ancient Origins,full_art,6.0,PSA,yes,older comp,,
12/17/25,m_ampharos_ex_ancient_origins_full_art_88_psa_5,36.0,eBay,M Ampharos EX,Ancient Origins,full_art,5.0,PSA,yes,older comp,29.0,946.0
2/26/25,m_ampharos_ex_ancient_origins_full_art_88_psa_3,25.0,eBay,M Ampharos EX,Ancient Origins,full_art,3.0,PSA,yes,older comp,6.0,946.0
3/18/26,tyranitar_ex_ancient_origins_full_art_91_psa_10,1000.0,eBay,Tyranitar EX,Ancient Origins,full_art,10.0,PSA,yes,,,
2/25/26,tyranitar_ex_ancient_origins_full_art_91_psa_10,999.99,eBay,Tyranitar EX,Ancient Origins,full_art,10.0,PSA,yes,,,
1/28/26,tyranitar_ex_ancient_origins_full_art_91_psa_10,800.0,eBay,Tyranitar EX,Ancient Origins,full_art,10.0,PSA,yes,,,
1/19/26,tyranitar_ex_ancient_origins_full_art_91_psa_10,1000.0,eBay,Tyranitar EX,Ancient Origins,full_art,10.0,PSA,yes,,,
4/12/26,tyranitar_ex_ancient_origins_full_art_91_psa_9_mint,206.0,eBay,Tyranitar EX,Ancient Origins,full_art,9.0,PSA,yes,,,
4/6/26,tyranitar_ex_ancient_origins_full_art_91_psa_9_mint,237.57,eBay,Tyranitar EX,Ancient Origins,full_art,9.0,PSA,yes,,,
4/3/26,tyranitar_ex_ancient_origins_full_art_91_psa_9_mint,301.01,eBay,Tyranitar EX,Ancient Origins,full_art,9.0,PSA,yes,high sale; verify,,
3/30/26,tyranitar_ex_ancient_origins_full_art_91_psa_9_mint,250.0,eBay,Tyranitar EX,Ancient Origins,full_art,9.0,PSA,yes,,,
3/28/26,tyranitar_ex_ancient_origins_full_art_91_psa_9,212.5,eBay,Tyranitar EX,Ancient Origins,full_art,9.0,PSA,yes,title says #177A; verify,,
3/11/26,tyranitar_ex_ancient_origins_full_art_91_psa_9_low_pop,235.0,eBay,Tyranitar EX,Ancient Origins,full_art,9.0,PSA,yes,low pop wording in title,,
3/9/26,tyranitar_ex_ancient_origins_full_art_91_psa_9_mint,205.0,eBay,Tyranitar EX,Ancient Origins,full_art,9.0,PSA,yes,,,
2/10/26,tyranitar_ex_ancient_origins_full_art_91_psa_9_mint,187.83,eBay,Tyranitar EX,Ancient Origins,full_art,9.0,PSA,yes,,,
1/18/26,tyranitar_ex_ancient_origins_full_art_91_psa_9_mint,268.5,eBay,Tyranitar EX,Ancient Origins,full_art,9.0,PSA,yes,,,
1/4/26,tyranitar_ex_ancient_origins_full_art_91_psa_9,145.32,eBay,Tyranitar EX,Ancient Origins,full_art,9.0,PSA,yes,,,
4/11/26,tyranitar_ex_ancient_origins_full_art_91_psa_8_near_mint,129.0,eBay,Tyranitar EX,Ancient Origins,full_art,8.0,PSA,yes,,,
3/30/26,tyranitar_ex_ancient_origins_full_art_91_psa_8,89.88,eBay,Tyranitar EX,Ancient Origins,full_art,8.0,PSA,yes,,,
3/29/26,tyranitar_ex_ancient_origins_full_art_91_psa_8,122.72,eBay,Tyranitar EX,Ancient Origins,full_art,8.0,PSA,yes,,,
3/26/26,tyranitar_ex_ancient_origins_full_art_91_psa_8_near_mint,110.0,eBay,Tyranitar EX,Ancient Origins,full_art,8.0,PSA,yes,,,
3/6/26,tyranitar_ex_ancient_origins_full_art_91_psa_8_low_pop,105.0,eBay,Tyranitar EX,Ancient Origins,full_art,8.0,PSA,yes,low pop wording in title,,
3/4/26,tyranitar_ex_ancient_origins_full_art_91_psa_8,115.0,eBay,Tyranitar EX,Ancient Origins,full_art,8.0,PSA,yes,,,
2/24/26,tyranitar_ex_ancient_origins_full_art_91_psa_8_new_cert,110.0,eBay,Tyranitar EX,Ancient Origins,full_art,8.0,PSA,yes,new cert wording in title,,
4/12/26,tyranitar_ex_ancient_origins_full_art_91_psa_7,90.31,eBay,Tyranitar EX,Ancient Origins,full_art,7.0,PSA,yes,,149.0,1087.0
3/31/26,tyranitar_ex_ancient_origins_full_art_91_psa_7,86.21,eBay,Tyranitar EX,Ancient Origins,full_art,7.0,PSA,yes,,,
3/25/26,tyranitar_ex_ancient_origins_full_art_91_psa_7,110.0,eBay,Tyranitar EX,Ancient Origins,full_art,7.0,PSA,yes,,,
3/5/26,tyranitar_ex_ancient_origins_full_art_91_psa_7,86.0,eBay,Tyranitar EX,Ancient Origins,full_art,7.0,PSA,yes,,,
2/27/26,tyranitar_ex_ancient_origins_full_art_91_psa_7,89.44,eBay,Tyranitar EX,Ancient Origins,full_art,7.0,PSA,yes,,,
2/14/26,tyranitar_ex_ancient_origins_full_art_91_psa_7,85.0,eBay,Tyranitar EX,Ancient Origins,full_art,7.0,PSA,yes,,,
1/21/26,tyranitar_ex_ancient_origins_full_art_91_psa_6,77.51,eBay,Tyranitar EX,Ancient Origins,full_art,6.0,PSA,yes,,,
1/5/26,tyranitar_ex_ancient_origins_full_art_91_psa_6,80.0,eBay,Tyranitar EX,Ancient Origins,full_art,6.0,PSA,yes,,,
10/24/22,tyranitar_ex_ancient_origins_full_art_91_psa_3,30.0,eBay,Tyranitar EX,Ancient Origins,full_art,3.0,PSA,yes,older comp,4.0,1087.0
